Word , Count
tragedie , 4
of , 298
hamlet , 54
by , 51
william , 2
shakespeare , 2
1599] , 2
 , 491
fran , 7
nay , 15
answer , 7
me , 105
stand , 10
& , 17
vnfold , 3
bar , 4
he , 113
you , 249
come , 56
most , 32
carefully , 2
vpon , 26
your , 118
houre , 3
'tis , 40
now , 48
strook , 2
twelue , 4
get , 6
thee , 25
to , 321
bed , 4
francisco , 2
for , 129
this , 133
releefe , 2
much , 26
thankes , 6
bitter , 3
cold , 4
not , 154
a , 236
mouse , 3
stirring , 2
barn , 7
well , 37
goodnight , 8
if , 55
do , 53
meet , 4
horatio , 21
and , 412
enter , 51
marcellus , 4
i , 269
thinke , 23
heare , 21
them , 33
who's , 2
there? , 4
fra , 2
barnardo , 3
ha's , 9
my , 232
place , 4
giue , 29
exit , 11
mar , 11
holla , 2
say , 23
what , 94
is , 163
will , 79
let , 34
beleefe , 2
take , 19
hold , 16
him , 94
therefore , 10
haue , 79
intreated , 2
along , 2
that , 177
againe , 16
apparition , 2
vs , 30
once , 10
assaile , 2
eares , 7
we , 63
two , 11
nights , 4
seene , 9
hor , 52
sit , 6
downe , 17
when , 27
yond , 2
same , 9
starre , 4
that's , 10
westward , 2
from , 39
the , 503
pole , 3
where , 26
it , 199
burnes , 3
selfe , 29
ghost , 8
looke , 19
comes , 17
in , 207
figure , 2
like , 32
king , 92
dead , 19
thou , 52
art , 10
scholler , 2
speake , 32
lookes , 5
king? , 3
marke , 6
hora , 6
harrowes , 2
with , 133
fear , 2
wonder , 2
together , 9
faire , 14
warlike , 3
forme , 5
did , 33
sometimes , 4
march , 2
heauen , 17
charge , 6
offended , 3
see , 26
stalkes , 2
away , 11
stay , 5
gone , 8
how , 46
horatio? , 3
tremble , 3
look , 4
pale , 5
on't? , 3
without , 9
sensible , 2
true , 13
auouch , 2
as , 92
thy , 53
th' , 13
ambitious , 2
norwey , 4
combatted , 2
smot , 2
sledded , 2
pollax , 2
on , 65
ice , 2
martiall , 2
stalke , 2
hath , 31
our , 64
watch , 4
particular , 4
thought , 8
work , 2
know , 35
boades , 2
some , 23
strange , 6
erruption , 2
state , 8
good , 46
tell , 22
knowes , 4
so , 88
nightly , 3
toyles , 2
subiect , 4
land , 3
forraigne , 2
mart , 2
implements , 2
warre , 2
do's , 4
diuide , 2
sunday , 2
weeke , 2
doth , 14
make , 24
night , 18
ioynt-labourer , 2
day , 7
can , 15
whose , 13
image , 4
euen , 16
but , 124
appear'd , 3
(thereto , 2
prick'd , 2
emulate , 2
pride) , 2
(for , 4
side , 3
knowne , 6
world , 16
esteem'd , 2
him) , 2
ratified , 2
law , 5
heraldrie , 2
which , 29
stood , 3
seiz'd , 2
conqueror , 2
was , 44
gaged , 2
had , 21
return'd , 4
bin , 3
vanquisher , 2
cou'nant , 2
his , 147
fell , 5
sir , 29
young , 7
fortinbras , 6
skirts , 2
norway , 3
heere , 29
there , 40
foode , 2
diet , 3
enterprize , 3
(and , 2
appeare , 2
vnto , 4
state) , 2
termes , 4
compulsatiue , 2
those , 12
foresaid , 2
lands , 3
maine , 4
motiue , 2
preparations , 2
post-hast , 2
romage , 2
ile , 32
crosse , 2
though , 13
blast , 3
illusion , 2
be , 103
any , 12
thing , 11
done , 14
priuy , 2
countries , 2
fate , 2
or , 59
hast , 15
vp-hoorded , 2
life , 13
they , 46
spirits , 5
oft , 8
walke , 6
death) , 2
wrong , 5
being , 8
maiesticall , 2
ayre , 8
invulnerable , 2
fearfull , 2
summons , 2
heard , 5
lofty , 2
shrill-sounding , 2
throate , 3
whether , 3
sea , 3
fire , 6
earth , 9
confine , 3
truth , 5
heerein , 4
sayes , 6
euer , 6
'gainst , 2
season , 3
bird , 2
dawning , 2
singeth , 2
all , 57
long , 5
are , 64
wholsome , 2
then , 61
no , 64
planets , 2
strike , 2
hallow'd , 2
gracious , 5
time , 23
part , 9
beleeue , 7
walkes , 2
o're , 5
dew , 2
yon , 2
high , 3
easterne , 2
hill , 4
impart , 3
spirit , 9
dumbe , 6
needfull , 3
loues , 5
fitting , 2
duty? , 2
shall , 54
finde , 6
conueniently , 2
exeunt , 15
scena , 3
secunda , 3
claudius , 2
denmarke , 8
gertrude , 4
queene , 22
laertes , 20
sister , 5
ophelia , 17
lords , 4
attendant , 4
yet , 17
deere , 16
brothers , 3
death , 17
beare , 8
hearts , 3
greefe , 5
whole , 5
kingdome , 5
farre , 7
discretion , 3
fought , 2
nature , 12
remembrance , 2
selues , 7
imperiall , 3
ioyntresse , 2
one , 19
auspicious , 2
dropping , 2
eye , 8
equall , 3
scale , 2
weighing , 2
delight , 3
dole , 2
better , 7
wisedomes , 2
freely , 5
followes , 3
thinking , 3
late , 4
colleagued , 2
dreame , 5
aduantage , 2
importing , 3
surrender , 2
valiant , 3
brother , 4
thus , 17
businesse , 8
writ , 5
who , 22
impotent , 2
bedrid , 2
scarsely , 2
heares , 3
further , 7
gate , 3
leuies , 3
out , 26
dispatch , 3
bearing , 2
greeting , 2
old , 10
more , 47
scope , 2
farewell , 8
commend , 4
duty , 5
volt , 3
things , 9
shew , 12
doubt , 7
nothing , 12
heartily , 3
voltemand , 2
cornelius , 3
what's , 5
newes , 6
you? , 6
cannot , 12
reason , 5
dane , 3
offer , 2
asking? , 2
hand , 11
instrumentall , 2
mouth , 4
would'st , 3
laertes? , 2
leaue , 14
fauour , 3
returne , 5
france , 5
coronation , 2
thoughts , 13
wishes , 2
bend , 3
towards , 3
pollonius? , 2
beseech , 3
go , 24
thine , 12
cosin , 2
sonne? , 3
ham , 166
lord , 80
am , 28
too , 32
i'th' , 12
sun , 4
queen , 7
cast , 2
colour , 4
off , 10
veyled , 2
lids , 2
know'st , 2
common , 5
liues , 3
must , 37
dye , 4
why , 30
seemes , 6
madam? , 2
nor , 15
customary , 2
suites , 3
solemne , 2
blacke , 5
fruitfull , 2
riuer , 2
formes , 2
moods , 2
shewes , 4
griefe , 2
actions , 2
man , 29
might , 15
play , 18
these , 26
trappings , 2
woe , 5
sweet , 14
commendable , 2
mourning , 2
duties , 2
father , 22
lost , 3
suruiuer , 2
bound , 6
obsequious , 2
sorrow , 5
perseuer , 2
impious , 2
stubbornnesse , 2
vnmanly , 2
heart , 13
vnfortified , 2
minde , 6
impatient , 2
should , 25
peeuish , 2
opposition , 2
fault , 4
against , 7
fathers , 7
still , 8
cried , 2
pray , 15
throw , 2
note , 4
lesse , 4
nobility , 2
loue , 24
intent , 2
retrograde , 2
desire , 5
cheere , 3
comfort , 2
prythee , 5
wittenberg , 2
best , 3
madam , 6
sits , 3
smiling , 3
grace , 6
whereof , 3
great , 9
cannon , 2
clowds , 2
respeaking , 2
earthly , 2
thunder , 3
manet , 2
oh , 38
solid , 2
flesh , 4
would , 40
melt , 2
euerlasting , 2
fixt , 2
weary , 2
stale , 2
flat , 2
vnprofitable , 2
fie , 5
an , 24
vnweeded , 2
garden , 2
possesse , 2
meerely , 2
excellent , 10
beteene , 2
windes , 2
remember , 7
she , 25
hang , 3
fed , 2
within , 11
month? , 2
little , 8
month , 2
ere , 8
shooes , 2
were , 14
niobe , 2
teares , 4
mourn'd , 2
longer) , 2
married , 2
mine , 22
vnkle , 5
hercules , 4
moneth? , 2
left , 4
flushing , 2
her , 48
gauled , 2
eyes , 6
such , 25
dexterity , 2
incestuous , 2
sheets , 2
breake , 3
tongue , 6
forget , 2
change , 4
name , 8
very , 25
glad , 4
truant , 2
disposition , 3
enemy , 2
truster , 2
owne , 15
report , 3
affaire , 3
elsenour? , 2
mothers , 6
wedding , 2
indeed , 13
followed , 2
hard , 3
thrift , 4
funerall , 2
bakt-meats , 2
met , 2
dearest , 2
foe , 2
thinkes , 2
lord? , 19
saw , 4
goodly , 2
father? , 4
attent , 2
eare , 11
till , 15
may , 28
deliuer , 3
maruell , 2
heauens , 6
gentlemen , 6
wast , 2
middle , 2
arm'd , 3
at , 37
points , 2
exactly , 2
cap , 3
pe , 2
goes , 8
slow , 2
stately , 2
thrice , 3
walkt , 2
truncheons , 2
length , 4
whilst , 3
bestil'd , 2
third , 3
kept , 5
each , 6
word , 7
made , 10
hands , 9
this? , 7
lifted , 2
vp , 17
head , 18
addresse , 2
morning , 4
cocke , 2
crew , 2
lowd , 2
vanisht , 2
sight , 4
tis , 4
doe , 24
liue , 5
honourd , 2
sirs , 3
troubles , 2
both , 16
foote , 4
face? , 2
countenance , 3
anger , 2
red? , 2
constantly , 2
beene , 6
amaz'd , 2
staid , 3
long? , 3
sable , 3
siluer'd , 2
perchance , 4
'twill , 2
wake , 3
warrant , 4
assume , 4
noble , 10
person , 2
bid , 3
peace , 6
bee , 10
treble , 2
silence , 4
vnderstanding , 3
platforme , 2
twixt , 2
eleuen , 2
armes? , 3
soule , 14
foule , 6
deeds , 2
rise , 2
laer , 29
necessaries , 2
imbark't , 2
conuoy , 2
assistant , 3
sleepe , 7
trifling , 2
fauours , 3
violet , 2
youth , 7
primy , 2
suppliance , 2
minute? , 2
ophel , 2
thewes , 2
bulke , 3
temple , 2
waxes , 3
growes , 3
wide , 3
withall , 5
perhaps , 4
vertue , 8
feare , 7
hee , 12
himselfe , 13
birth , 3
carue , 2
choyce , 4
depends , 2
circumscrib'd , 2
peculiar , 3
sect , 2
force , 2
voyce , 5
credent , 2
list , 5
songs , 2
vnmastred , 2
importunity , 2
keepe , 11
reare , 2
affection , 5
chariest , 2
maid , 3
prodigall , 3
enough , 4
scapes , 2
calumnious , 2
stroakes , 2
before , 10
buttons , 2
disclos'd , 3
contagious , 2
blastments , 2
imminent , 2
rebels , 2
none , 8
else , 10
neere , 9
ophe , 29
effect , 4
lesson , 2
vngracious , 2
pastors , 2
puft , 2
recklesse , 2
libertine , 2
reaks , 2
reade , 2
double , 6
blessing , 4
winde , 7
shoulder , 2
saile , 2
few , 4
precepts , 2
memory , 3
vnproportion'd , 2
act , 5
friends , 9
their , 28
adoption , 2
tride , 2
dull , 3
palme , 3
entertainment , 2
entrance , 2
quarrell , 2
euery , 6
costly , 2
habit , 2
purse , 2
buy , 4
apparell , 2
proclaimes , 3
select , 2
generous , 3
cheff , 2
lone , 2
loses , 2
friend , 4
aboue , 4
canst , 2
false , 4
said , 7
lockt , 2
please , 8
somthing , 2
touching , 3
l[ord] , 2
polon , 18
marry , 6
bethought , 2
giuen , 9
priuate , 2
put , 12
vnderstand , 5
cleerely , 2
betweene , 10
truth? , 2
puh , 3
greene , 2
girle , 2
tenders , 3
call , 12
them? , 3
tane , 3
pay , 3
crack , 2
poore , 13
phrase , 7
honourable , 3
fashion , 5
speech , 8
bloud , 5
giuing , 2
light , 6
heate , 5
extinct , 2
daughter , 8
set , 13
entreatments , 2
higher , 2
rate , 2
inuestments , 2
show , 2
breathing , 2
sanctified , 2
pious , 2
bonds , 2
plaine , 2
tearmes , 3
forth , 4
words , 13
talke , 3
nipping , 2
eager , 2
hower , 3
now? , 5
wherein , 2
held , 3
wont , 3
takes , 6
rouse , 2
dreines , 2
draughts , 2
renish , 3
triumph , 2
pledge , 2
horat , 2
custome? , 2
mind , 3
natiue , 3
honour'd , 3
breach , 2
obseruance , 2
health , 3
goblin , 2
damn'd , 4
euents , 2
wicked , 4
charitable , 2
burst , 3
ignorance , 4
cerments , 2
sepulcher , 2
op'd , 2
ponderous , 2
marble , 2
iawes , 2
coarse , 2
compleat , 2
steele , 2
making , 2
hidious? , 2
fooles , 3
beyond , 2
reaches , 2
soules , 3
impartment , 2
wafts , 2
remoued , 2
ground , 6
pins , 2
fee , 2
immortall , 2
dreadfull , 3
sonnet , 2
cliffe , 2
assumes , 2
other , 19
horrible , 2
draw , 7
into , 13
madnesse , 12
it? , 6
makes , 11
petty , 2
artire , 2
body , 10
cal'd? , 2
vnhand , 2
goe , 7
follow , 12
desperate , 5
imagination , 3
let's , 9
fit , 10
obey , 4
after , 8
issue , 2
come? , 2
sulphurous , 2
tormenting , 2
flames , 2
gho , 5
reuenge , 7
shalt , 5
what? , 2
doom'd , 2
certaine , 3
terme , 2
crimes , 3
dayes , 4
secrets , 2
prison-house , 2
harrow , 2
freeze , 2
blood , 6
knotty , 2
combined , 2
lockes , 2
quilles , 2
fretfull , 2
porpentine , 2
vnnaturall , 3
murther , 5
murther? , 2
meditation , 2
duller , 2
should'st , 3
fat , 3
weede , 2
stirre , 2
serpent , 2
stung , 2
rankly , 2
abus'd , 2
weares , 2
crowne , 5
o , 18
propheticke , 2
vncle? , 2
witchcraft , 2
wits , 5
traitorous , 2
guifts , 2
seduce? , 2
won , 2
shamefull , 2
lust , 2
falling , 3
went , 6
vow , 3
wretch , 4
naturall , 6
gifts , 4
lewdnesse , 2
court , 4
shape , 5
sate , 2
celestiall , 3
prey , 2
garbage , 2
briefe , 2
sleeping , 2
orchard , 2
secure , 2
vncle , 2
stole , 3
porches , 2
poure , 2
holds , 4
enmity , 2
gates , 2
allies , 2
curd , 2
aygre , 2
droppings , 2
milke , 2
instant , 3
tetter , 2
bak'd , 2
about , 15
smooth , 3
dispatcht , 2
vnhouzzled , 2
disappointed , 2
vnnaneld , 2
imperfections , 2
couch , 2
luxury , 2
damned , 5
incest , 2
taint , 2
contriue , 2
thornes , 2
bosome , 4
lodge , 2
glow-worme , 2
showes , 2
matine , 2
adue , 6
couple , 2
hell? , 2
stiffely , 2
thee? , 3
distracted , 4
globe , 2
wipe , 2
triuiall , 2
fond , 2
records , 2
obseruation , 2
coppied , 2
booke , 3
volume , 2
braine , 5
pernicious , 2
woman! , 2
tables , 3
least , 2
i'm , 3
sure , 2
sworn't , 2
you'l , 4
reueale , 2
think , 3
heau'n , 2
there's , 9
nere , 2
villaine , 5
dwelling , 2
graue , 7
right , 7
shake , 2
wild , 2
hurling , 2
sorry , 2
offend , 2
offence , 3
vision , 2
schollers , 2
soldiers , 3
here , 6
fellow , 8
selleredge , 2
sweare , 7
sword , 11
hic , 2
vbique? , 2
wee'l , 8
shift , 2
grownd , 2
lay , 6
mole , 2
can'st , 2
worke , 7
fast? , 2
neuer , 12
helpe , 6
mercy , 3
(as , 6
heereafter , 2
seeing , 3
pronouncing , 2
doubtfull , 3
ought , 5
rest , 7
perturbed , 2
god , 13
willing , 3
lacke , 3
ioynt , 2
cursed , 3
spight , 2
visite , 2
inquiry , 2
meanes , 8
encompassement , 2
drift , 2
question , 6
demands , 2
touch , 4
reynol , 5
addicted , 2
dishonour , 3
heed , 2
companions , 2
noted , 2
quarelling , 2
drabbing , 2
faith , 6
open , 2
incontinencie , 2
seeme , 5
taints , 2
liberty , 4
sauagenes , 2
vnreclaim'd , 2
generall , 5
assault , 2
wherefore , 3
belieue , 2
fetch , 2
'twere , 5
soil'd , 2
working , 3
hauing , 2
prenominate , 2
closes , 4
consequence , 4
according , 3
addition , 2
does , 8
say? , 2
gentleman , 4
tennis , 2
videlicet , 2
brothell , 2
wisedome , 3
reach , 2
indirections , 2
directions , 2
sonne , 8
not? , 5
alas , 5
affrighted , 2
heauen? , 2
doublet , 2
vnbrac'd , 2
vngartred , 2
giued , 2
anckle , 2
pitious , 2
purport , 2
horrors , 2
mad , 12
loue? , 4
tooke , 5
wrist , 2
brow , 4
wauing , 2
shatter , 2
ouer , 4
shoulders , 2
turn'd , 5
adores , 2
extasie , 4
leads , 2
vndertakings , 2
afflict , 2
natures , 3
sorrie , 2
command , 7
accesse , 2
pol , 27
quoted , 2
trifle , 2
proper , 3
age , 6
yonger , 2
sort , 3
close , 3
moue , 5
rosincrane , 2
guildensterne , 10
cum , 2
alijs , 2
welcome , 9
rosincrance , 6
neede , 2
vse , 10
prouoke , 2
hamlets , 5
transformation , 2
resembles , 2
brought , 6
vouchsafe , 2
pleasures , 2
gather , 3
open'd , 2
lies , 3
remedie , 2
qu , 25
talk'd , 2
whom , 3
adheres , 2
expend , 2
a-while , 2
visitation , 2
receiue , 4
soueraigne , 3
power , 4
entreatie , 2
guil , 6
seruices , 2
feete , 2
instantly , 2
visit , 3
ye , 6
pleasant , 2
helpfull , 2
polonius , 9
ambassadors , 2
dutie , 4
vs'd , 2
found , 4
feast , 4
bring , 3
sourse , 2
sonnes , 3
distemper , 3
voltumand , 2
sift , 2
frends , 2
greetings , 2
desires , 3
nephewes , 2
look'd , 2
truly , 3
sicknesse , 3
impotence , 2
(in , 2
breefe) , 2
obeyes , 2
whereon , 3
ouercome , 2
ioy , 5
commission , 4
imploy , 2
intreaty , 2
shewne , 2
through , 4
dominions , 2
therein , 2
likes , 3
liege , 3
expostulate , 2
since , 8
breuitie , 2
wit , 3
breefe , 3
is't , 5
pittie , 2
cause , 5
defectiue , 2
whil'st , 3
surmise , 2
letter , 3
idoll , 2
beautifed , 2
white , 2
starres , 2
lier , 2
ill , 5
numbers , 2
adieu , 2
machine , 2
soliciting , 2
receiu'd , 4
faithfull , 2
wold , 2
faine , 2
proue , 3
think? , 2
perceiued , 2
maiestie , 3
winking , 2
mute , 2
thinke? , 2
round , 4
prince , 3
locke , 2
resort , 2
fruites , 2
aduice , 2
sadnesse , 2
fast , 2
thence , 3
lightnesse , 2
declension , 2
waile , 2
possitiuely , 2
otherwise , 2
hid , 3
indeede , 4
lobby , 3
loose , 3
encounter , 3
reading , 2
sadly , 2
boord , 2
presently , 3
hamlet? , 4
y'are , 3
fishmonger , 3
honest , 7
pick'd , 2
thousand , 6
breed , 2
magots , 2
dogge , 2
daughter? , 2
conceiue , 2
knew , 4
first , 8
suffred , 2
extreamity , 2
matter , 14
meane , 4
slanders , 2
satyricall , 2
slaue , 4
saies , 3
purging , 2
thicke , 3
amber , 2
plum-tree , 2
weake , 2
hammes , 2
honestie , 3
backward , 2
o'th' , 3
happinesse , 2
sanitie , 2
could , 14
fare , 4
tedious , 3
seeke , 7
rosincran , 2
rosin , 19
saue , 3
guild , 12
friends? , 2
do'st , 2
both? , 2
button , 2
soales , 2
shoo? , 2
fauour? , 2
strumpet , 2
newes? , 3
doomesday , 3
deserued , 2
fortune , 7
prison , 2
wards , 2
dungeons , 2
either , 4
bad , 4
narrow , 2
bounded , 2
nutshell , 2
dreames , 4
ambition , 5
shadow , 2
truely , 2
ayry , 2
out-stretcht , 2
heroes , 2
beggers , 2
shadowes , 2
wait , 3
dreadfully , 2
attended , 2
beaten , 2
occasion , 2
begger , 3
deare , 5
halfepeny , 2
sent , 12
for? , 3
deale , 2
iustly , 4
kinde , 5
confession , 3
end , 6
rights , 2
fellowship , 2
consonancy , 2
proposer , 2
anticipation , 2
moult , 2
feather , 2
heauenly , 3
promontory , 2
canopy , 2
fretted , 2
golden , 3
appeares , 2
piece , 2
man! , 2
expresse , 3
admirable? , 2
action , 6
angel? , 2
parragon , 2
animals , 2
woman , 4
neither , 5
laugh , 4
delights , 2
wee , 3
coated , 2
way , 7
hither , 3
maiesty , 5
tribute , 3
mee , 6
aduenturous , 2
sigh , 2
gratis , 2
humorous , 2
tickled , 2
a'th' , 3
sere , 2
lady , 5
they? , 2
tragedians , 2
city , 2
chances , 2
trauaile? , 2
residence , 2
wayes , 3
inhibition , 2
estimation , 2
grow , 3
rusty? , 2
pace , 4
ayrie , 2
children , 2
tyrannically , 2
clap't , 2
for't , 2
them) , 2
many , 7
wearing , 2
rapiers , 4
affraide , 2
escorted? , 2
pursue , 3
quality , 2
themselues , 6
players , 12
exclaim , 2
nation , 3
sinne , 2
tarre , 2
controuersie , 2
vnlesse , 3
poet , 2
player , 2
cuffes , 2
throwing , 2
load , 2
vnckle , 3
while , 6
liued , 3
twenty , 3
forty , 2
hundred , 2
philosophie , 2
appurtenance , 2
lest , 2
extent , 2
(which , 2
yours , 6
north , 2
north-west , 2
hearke , 2
swathing , 2
clouts , 2
happily , 2
he's , 4
second , 5
mark , 2
monday , 2
rossius , 2
actor , 2
rome- , 2
actors , 2
pastoricall-comicall-historicall-pastorall , 2
scene , 2
indiuidible , 2
poem , 2
thou? , 2
iephta , 2
ha , 4
lot , 2
wot , 2
pons , 2
chanson , 2
foure , 4
fiue , 2
masters , 3
face , 5
last , 4
com'st , 2
byrlady , 3
ladiship , 2
neerer , 3
voice , 3
peece , 4
vncurrant , 2
gold , 2
crack'd , 2
to't , 2
french , 3
faulconers , 2
flie , 2
passionate , 3
1.play , 3
acted , 2
others , 4
digested , 2
scoenes , 2
sallets , 2
lines , 3
sauory , 2
author , 3
affectation , 2
cal'd , 2
method , 2
dido , 2
thereabout , 2
especially , 2
speaks , 2
line , 2
rugged , 3
pyrrhus , 4
armes , 5
couched , 2
ominous , 2
horse , 4
heraldry , 2
dismall , 3
daughters , 2
lend , 2
tyrannous , 2
o're-sized , 2
coagulate , 2
gore , 2
olde , 2
grandsire , 2
priam , 4
seekes , 2
fore , 3
spoken , 2
accent , 3
striking , 2
short , 4
greekes , 2
anticke , 2
repugnant , 2
vnequall , 2
match , 2
whiffe , 2
seeming , 3
feele , 2
blow , 2
flaming , 3
top , 4
prisoner , 2
loe , 3
reuerend , 2
seem'd , 2
sticke , 3
newtrall , 2
racke , 2
hush , 2
anon , 4
rowsed , 2
vengeance , 2
sets , 2
new , 4
a-worke , 2
mars , 3
armours , 2
forg'd , 2
proofe , 5
eterne , 2
falles , 2
synod , 2
boule , 2
naue , 2
iigge , 2
tale , 2
baudry , 2
inobled , 2
run , 3
bare-foot , 2
bisson , 2
rheume , 2
clout , 2
lanke , 2
ore-teamed , 2
loines , 2
venome , 2
steep'd , 2
gods , 5
mincing , 2
husbands , 2
limbes , 2
(vnlesse , 2
mortall , 4
all) , 2
passion , 9
soone , 2
wel , 2
bestow'd , 3
abstracts , 2
chronicles , 2
desart , 2
bodykins , 2
euerie , 2
own , 2
honor , 4
dignity , 2
morrow , 4
gonzago? , 2
need , 2
study , 2
dosen , 2
sixteene , 2
elsonower? , 2
rogue , 2
pesant , 2
i? , 3
fixion , 2
visage , 5
warm'd , 2
broken , 2
function , 2
suiting , 2
hecuba? , 2
weepe , 2
her? , 2
haue? , 2
drowne , 4
stage , 3
guilty , 2
apale , 2
free , 6
faculty , 2
iohn , 2
a-dreames , 2
vnpregnant , 2
property , 3
calles , 2
villaine? , 2
breakes , 2
pate , 3
a-crosse? , 2
tweakes , 2
by'th' , 2
nose? , 2
giues , 5
lye , 6
ha? , 4
oppression , 2
slaues , 2
offall , 2
bloudy , 2
bawdy , 2
vengeance! , 2
murthered , 2
(like , 2
whore) , 2
vnpacke , 2
scullion? , 2
fye , 2
vpon't , 3
foh , 2
cunning , 3
scoene , 3
proclaim'd , 2
malefactions , 2
myraculous , 2
organ , 2
obserue , 3
course , 3
t' , 2
pleasing , 2
yea , 3
potent , 3
relatiue , 2
play's , 2
guildenstern , 3
puts , 3
confusion , 2
turbulent , 2
dangerous , 5
lunacy , 2
confesse , 3
feeles , 2
crafty , 2
keepes , 2
aloofe , 2
well? , 2
reply , 2
assay , 3
pastime? , 2
ore-wrought , 2
told , 2
content , 2
edge , 2
driue , 2
purpose , 5
closely , 2
affront , 2
(lawful , 2
espials) , 2
frankely , 2
iudge , 3
if't , 2
affliction , 3
wish , 3
wildenesse , 2
hope , 4
vertues , 2
honors , 2
exercise , 3
prou'd , 2
deuotions , 2
diuell , 4
harlots , 2
cheeke , 3
beautied , 2
plaist'ring , 2
deede , 3
painted , 2
comming , 4
withdraw , 3
slings , 2
arrowes , 3
outragious , 2
opposing , 2
heart-ake , 2
shockes , 2
deuoutly , 2
wish'd , 2
pawse , 2
respect , 2
whips , 3
scornes , 2
pangs , 2
dispriz'd , 2
lawes , 2
delay , 3
patient , 3
merit , 2
vnworthy , 2
bare , 2
bodkin? , 2
fardles , 2
dread , 2
something , 6
traueller , 2
returnes , 3
puzels , 2
flye , 3
hew , 2
resolution , 2
enterprizes , 2
pith , 2
moment , 2
soft , 7
sinnes , 3
remembred , 2
humbly , 2
thanke , 4
remembrances , 2
gaue , 4
honor'd , 2
rich , 3
perfume , 2
wax , 2
giuers , 2
vnkinde , 2
faire? , 2
honesty , 2
honestie? , 2
transforme , 2
bawd , 2
sometime , 2
paradox , 2
innocculate , 2
stocke , 2
rellish , 2
breeder , 2
sinners? , 2
indifferent , 2
mother , 21
borne , 3
prowd , 2
reuengefull , 2
fellowes , 4
crawling , 2
nunnery , 4
where's , 4
foole , 4
in's , 3
house , 2
doest , 2
plague , 3
escape , 3
calumny , 2
wise , 3
men , 5
monsters , 2
has , 3
another , 4
creatures , 3
wantonnesse , 2
marriages , 2
o're-throwne? , 2
expectansie , 2
rose , 4
obseru'd , 2
obseruers , 2
quite , 5
suck'd , 2
honie , 2
musicke , 3
vowes , 4
bels , 2
iangled , 2
tune , 3
harsh , 3
blasted , 2
affections , 2
tend , 2
soule? , 2
hatch , 2
disclose , 2
quicke , 5
determination , 2
demand , 2
neglected , 3
variable , 3
obiects , 2
expell , 2
braines , 4
beating , 3
sprung , 2
ophelia? , 4
alone , 3
intreat , 2
plac'd , 2
england , 11
send , 4
ones , 4
vnwatch'd , 2
three , 6
pronounc'd , 2
town-cryer , 2
gently , 2
verie , 8
torrent , 2
acquire , 2
beget , 2
temperance , 2
robustious , 2
pery-wig-pated , 2
teare , 3
groundlings , 2
part) , 2
capeable , 3
whipt , 2
o're-doing , 2
termagant , 2
tutor , 2
sute , 2
ore-stop , 2
modestie , 2
'twer , 2
feature , 2
scorne , 2
ouer-done , 2
tardie , 2
vnskilfull , 2
censure , 2
allowance , 2
o'reway , 2
praise , 2
christians , 2
christian , 5
pagan , 2
iouerney-men , 2
reforme , 2
altogether , 2
necessary , 2
pittifull , 2
vses , 3
worke? , 2
hoa , 3
conuersation , 2
coap'd , 2
flatter , 2
reuennew , 2
candied , 2
absurd , 2
pompe , 2
faining? , 2
dost , 7
distinguish , 2
election , 3
suffering , 2
suffers , 2
'tane , 2
blest , 2
pipe , 2
fortunes , 4
finger , 3
passions , 2
weare , 4
circumstance , 2
see'st , 2
acte , 3
a-foot , 2
occulted , 2
guilt , 3
vulcans , 2
stythe , 2
iudgements , 3
ioyne , 2
steale , 2
playing , 2
guard , 3
carrying , 2
torches , 2
danish , 5
flourish , 3
idle , 2
ifaith , 2
camelions , 2
dish , 2
eate , 2
plaid , 3
accounted , 2
enact , 2
iulius , 2
caesar , 3
kill'd , 4
capitol , 2
calfe , 2
ready? , 2
ladie , 2
lap? , 2
meant , 3
country , 2
matters? , 2
merrie , 2
cheerefully , 2
houres , 2
twice , 2
moneths , 2
diuel , 2
ago , 2
forgotten , 2
yet? , 2
builde , 2
churches , 2
epitaph , 2
hoby-horse , 2
forgot , 4
hoboyes , 2
enters , 2
louingly , 2
embracing , 2
kneeles , 2
protestation , 2
declines , 2
neck , 2
layes , 2
banke , 2
a-sleepe , 2
leaues , 2
kisses , 2
powres , 2
poyson , 4
kings , 5
findes , 2
poysoner , 3
mutes , 2
carried , 2
wooes , 2
loath , 2
vnwilling , 2
awhile , 3
mischeefe , 2
belike , 3
imports , 4
argument , 2
naught , 3
prologue , 4
begge , 5
hearing , 3
patientlie , 2
poesie , 2
ring? , 2
full , 7
thirtie , 3
times , 5
phoebus , 2
cart , 2
gon , 2
dozen , 3
moones , 2
borrowed , 2
sheene , 2
hymen , 2
count , 4
former , 2
discomfort , 2
(my , 3
lord) , 2
extremity , 2
siz'd , 2
shortly , 3
behinde , 2
husband , 4
thou- , 2
needs , 3
treason , 2
brest , 2
wed , 2
wormwood , 3
bapt , 2
instances , 2
marriage , 3
kill , 2
determine , 2
violent , 3
validitie , 2
fall , 5
vnshaken , 2
mellow , 2
debt , 2
ending , 2
lose , 3
ennactors , 2
destroy , 2
ioyes , 2
greeues , 2
slender , 2
accident , 2
lead , 2
aduanc'd , 2
enemies , 3
frend , 2
directly , 2
seasons , 2
enemie , 2
willes , 2
fates , 2
contrary , 2
ours , 2
ends , 3
die , 2
bap , 2
food , 2
opposite , 2
blankes , 2
hence , 4
lasting , 2
strife , 2
rocke , 2
sleepes , 3
mischance , 2
twaine , 2
play? , 3
in't? , 3
murder , 2
vienna , 2
gonzago , 3
knauish , 3
o'that? , 2
gall'd , 2
iade , 2
winch , 2
withers , 2
vnrung , 2
puppets , 2
dallying , 2
keene , 3
cost , 3
groaning , 2
begin , 4
murderer , 3
pox , 2
damnable , 2
faces , 2
drugges , 2
agreeing , 2
mixture , 2
ranke , 3
midnight , 2
weeds , 3
collected , 3
magicke , 2
dire , 2
propertie , 2
name's , 2
story , 2
extant , 2
gonzago's , 2
wife , 3
rises , 2
frighted , 2
fares , 2
hart , 2
vngalled , 2
runnes , 2
turne , 2
turke , 2
prouinciall , 2
halfe , 3
share , 2
realme , 2
dismantled , 2
ioue , 2
paiocke , 2
rim'd , 2
ghosts , 2
poysoning? , 2
musick , 2
y , 2
recorders , 2
perdie , 2
retyrement , 2
maruellous , 2
distemper'd , 2
drinke , 7
sir? , 2
signifie , 2
doctor , 2
choller , 2
discourse , 2
courtesie , 2
command'ment , 3
answers , 2
shal , 3
behauior , 2
stroke , 2
sequell , 2
heeles , 4
closset , 3
trade , 2
vs? , 2
barre , 2
doore , 4
libertie , 2
succession , 2
denmarke? , 2
musty , 2
recouer , 2
bold , 2
pipe? , 3
thumbe , 2
breath , 7
stoppes , 2
vtterance , 2
mysterie , 2
sound , 2
lowest , 2
organe , 2
instrument , 3
blesse , 4
clowd? , 2
almost , 4
whale , 2
witching , 2
contagion , 2
drink , 2
hot , 4
quake , 2
nero , 2
firme , 2
daggers , 2
someuer , 2
shent , 2
stands , 3
safe , 3
forthwith , 2
estate , 3
endure , 2
lunacies , 2
prouide , 2
bodies , 2
noyance , 2
cease , 2
massie , 2
wheele , 3
huge , 2
spoakes , 2
ten , 2
lesser , 2
small , 2
annexment , 2
pettie , 2
sighe , 2
grone , 2
arme , 2
speedie , 2
voyage , 2
free-footed , 2
haste , 2
gent , 3
going , 2
processe , 3
shee'l , 2
tax , 2
home , 4
meete , 4
audience , 3
vantage , 3
primall , 2
eldest , 2
curse , 2
inclination , 2
sharpe , 2
neglect , 2
raine , 2
confront , 2
offence? , 2
fore-stalled , 2
past , 3
prayer , 2
possest , 2
corrupted , 2
currants , 2
prize , 2
shuffling , 2
lyes , 2
teeth , 2
forehead , 2
faults , 3
try , 3
repentance , 2
wretched , 2
state! , 2
death! , 2
ingag'd , 2
angels , 2
sinewes , 2
new-borne , 2
babe , 2
pat , 2
praying , 2
reueng'd , 4
scann'd , 2
grossely , 2
bread , 2
audit , 2
heauie , 2
season'd , 2
passage? , 2
drunke , 2
asleepe , 2
rage , 2
gaming , 2
swearing , 2
trip , 2
kicke , 2
hell , 5
whereto , 3
stayes , 2
remain , 2
below , 2
straight , 2
prankes , 2
been , 2
broad , 2
e'ene , 6
coming , 2
whats , 2
rood , 2
glasse , 2
wilt , 5
do? , 2
me? , 4
bloody , 3
deed , 5
'twas , 3
betters , 2
wringing , 2
penetrable , 2
stuffe , 2
bulwarke , 2
sense , 3
dar'st , 2
wag , 3
tong , 2
cals , 3
hypocrite , 2
blister , 2
contraction , 2
pluckes , 2
rapsidie , 2
glow , 2
tristfull , 2
doome , 2
index , 2
picture , 2
seated , 2
threaten , 2
lighted , 2
heauen-kissing , 2
seale , 3
blasting , 2
wholsom , 2
eyes? , 3
batten , 2
moore? , 2
hey-day , 2
tame , 2
it's , 3
humble , 2
step , 3
was't , 2
shame! , 2
blush? , 2
rebellious , 2
waxe , 2
compulsiue , 2
ardure , 2
panders , 2
grained , 2
spots , 2
sweat , 2
enseamed , 2
nasty , 2
stye , 2
precedent , 2
vice , 3
shelfe , 2
precious , 3
diadem , 2
shreds , 2
patches , 2
guards , 2
figure? , 2
laps't , 2
lets , 2
whet , 2
blunted , 2
fighting , 3
lady? , 2
vacancie , 2
wildely , 2
peepe , 2
bedded , 2
haire , 2
excrements , 2
flame , 2
glares , 2
sterne , 2
effects , 2
steals , 2
portall , 2
bodilesse , 2
creation , 2
extasie? , 2
healthfull , 2
re-word , 2
flattering , 2
vnction , 2
skin , 2
filme , 2
vlcerous , 2
infects , 2
vnseene , 3
spred , 2
compost , 2
weedes , 2
fatnesse , 2
pursie , 2
courb , 2
purer , 2
refraine , 2
next , 3
abstinence , 2
punish , 2
bestow , 2
cruell , 2
onely , 4
pinch , 2
wanton , 3
padling , 2
necke , 2
fingers , 3
essentially , 2
sober , 2
concernings , 2
hide , 2
vnpegge , 2
basket , 3
houses , 3
conclusions , 2
creepe , 2
alacke , 3
concluded , 2
packing , 2
counsellor , 2
foolish , 2
prating , 2
knaue , 4
profound , 2
heaues , 2
gertrude? , 2
mightier , 2
lawlesse , 2
rapier , 3
cries , 2
rat , 3
heauy , 3
threats , 2
answered? , 2
restrain'd , 2
haunt , 2
divulging , 2
feede , 2
apart , 3
kild , 2
among , 2
minerall , 2
mettels , 2
base , 3
sooner , 2
mountaines , 2
skill , 2
ros , 2
ho , 2
slaine , 3
wisest , 2
vntimely , 2
compounded , 2
dust , 3
kinne , 2
counsell , 2
spundge , 3
rewards , 2
authorities , 2
(but , 2
officers , 2
corner , 2
iaw , 2
mouth'd , 2
swallowed , 2
dry , 3
find , 3
bodie , 2
strong , 3
iudgement , 3
deliberate , 2
pause , 2
diseases , 2
growne , 2
guarded , 2
polonius? , 2
eats , 2
eaten , 2
emperor , 2
leane , 2
seruice , 2
dishes , 2
i'th , 2
nose , 2
staires , 2
k , 2
especial , 2
safety , 3
barke , 2
readie , 2
england? , 3
louing , 2
leanes , 2
thereof , 2
awe , 3
present , 3
cure , 2
license , 2
rendeuous , 2
importunate , 2
distract , 2
moode , 2
speakes , 3
spurnes , 2
enuiously , 2
strawes , 2
vnshaped , 2
botch , 2
strew , 2
coniectures , 2
sicke , 2
is) , 2
artlesse , 2
iealousie , 2
beauteous , 2
denmark , 2
cockle , 2
hat , 2
staffe , 2
sandal , 2
shoone , 2
song? , 2
bewept , 2
dil'd , 2
owle , 2
table , 4
conceit , 2
s[aint] , 3
valentines , 2
betime , 2
don'd , 2
clothes , 2
dupt , 2
chamber , 2
dore , 2
gis , 2
charity , 2
yong , 4
wil , 4
doo't , 3
too't , 5
quoth , 2
tumbled , 2
yonder , 2
sunne , 2
knowe , 2
coach , 2
ladies , 4
deepe , 2
springs , 2
sorrowes , 2
single , 2
spies , 2
vnwholsome , 2
whispers , 2
hugger , 2
mugger , 2
interre , 2
pictures , 2
meere , 2
beasts , 3
secret , 2
wants , 2
buzzers , 2
infect , 2
necessitie , 2
beggard , 2
superfluous , 2
noise , 3
messenger , 3
noyse , 2
matter? , 2
ocean , 2
(ouer-peering , 2
list) , 2
riotous , 2
ratifiers , 2
props , 2
caps , 2
tongues , 2
applaud , 2
clouds , 2
counter , 2
dogges , 2
doores , 2
broke , 2
sirs? , 2
al , 2
bastard , 2
chaste , 2
vnsmirched , 2
rebellion , 2
gyant-like? , 2
diuinity , 3
hedge , 2
acts , 2
allegeance , 2
blackest , 2
dare , 3
damnation , 2
point , 4
winner , 2
looser , 2
la , 2
ope , 2
repast , 2
guiltlesse , 2
leuell , 2
pierce , 2
drie , 2
seuen , 2
salt , 2
payed , 2
waight , 2
mans , 3
life? , 2
sends , 2
instance , 2
hey , 3
non , 2
nony , 4
doue , 2
had'st , 2
did'st , 3
perswade , 2
a-downe-a , 2
becomes , 3
paconcies , 2
fitted , 2
fennell , 2
columbines , 2
ther's , 2
herbe-grace , 2
sundaies , 2
rew , 2
violets , 2
wither'd , 2
dyed , 2
bonny , 2
robin , 2
flaxen , 2
gramercy , 2
gods? , 2
deny , 2
'twixt , 2
touch'd , 2
satisfaction , 2
ioyntly , 2
labour , 2
obscure , 2
buriall , 5
rite , 2
formall , 2
ostentation , 2
saylor , 2
and't , 2
letters , 3
warlicke , 2
appointment , 2
chace , 2
finding , 2
boorded , 2
got , 3
cleare , 2
shippe , 2
theeues , 2
repaire , 2
wouldest , 3
bore , 4
knowest , 2
proceeded , 2
feates , 2
speciall , 2
reasons , 2
moues , 2
sphere , 2
publike , 2
dipping , 2
conuert , 2
gyues , 2
graces , 2
reuerted , 2
bow , 2
driuen , 2
challenger , 2
mount , 2
beard , 2
shooke , 2
danger , 2
lou'd , 2
claudio , 2
kingly , 2
occasions , 2
sodaine , 4
meane? , 2
backe? , 2
hand? , 2
aduise , 2
warmes , 2
diddest , 2
kin , 9
o'rerule , 2
vndertake , 3
vnder , 2
choose , 2
vncharge , 2
practice , 3
normandy , 2
ran , 2
horsebacke , 2
gallant , 2
wondrous , 2
doing , 2
braue , 2
beast , 2
norman , 2
was't? , 2
iemme , 2
defence , 2
cryed , 2
t'would , 2
envenom , 2
enuy , 2
ore , 2
heart? , 2
passages , 2
backe , 3
words? , 2
bounds , 2
varnish , 2
fame , 2
wager , 4
heads , 2
remisse , 2
peruse , 2
foiles? , 2
ease , 2
vnbaited , 2
passe , 2
annoint , 2
dipt , 2
knife , 2
simples , 2
scratcht , 2
faile , 2
assaid , 2
proiect , 2
ha't , 2
motion , 2
prepar'd , 2
chance , 3
venom'd , 2
stuck , 2
tread , 2
anothers , 2
heele , 2
willow , 2
aslant , 2
brooke , 2
fantasticke , 2
garlands , 2
liberall , 3
shepheards , 2
grosser , 2
pendant , 2
boughes , 2
coronet , 2
weedy , 2
trophies , 2
mermaid-like , 2
incapable , 2
distresse , 2
element , 2
pul'd , 2
melodious , 2
drown'd , 3
water , 5
tricke , 2
custome , 3
folly , 2
doubts , 2
calme , 2
rage? , 2
clownes , 2
clown , 3
buried , 5
clo , 17
drowned , 2
se , 2
offendendo , 2
branches , 2
wittingly , 2
goodman , 2
deluer , 2
nill , 2
drownes , 2
argall , 2
crowners , 2
quest , 2
on't , 4
say'st , 2
pitty , 2
gardiners , 2
ditchers , 2
graue-makers , 2
ar't , 2
heathen? , 2
digge , 3
selfe- , 2
mason , 3
shipwright , 3
carpenter? , 2
tenants , 2
gallowes , 3
builds , 2
stronger , 2
vnyoake , 2
masse , 2
asse , 2
mend , 2
lasts , 2
sweete , 2
feeling , 2
easinesse , 2
ee'n , 3
imployment , 2
caught , 3
clutch , 2
scull , 4
sing , 3
caines , 2
iaw-bone , 2
circumuent , 2
chaplesse , 2
knockt , 2
mazard , 2
sextons , 2
see't , 2
bones , 2
breeding , 2
clowne , 2
sings , 2
pickhaxe , 2
spade , 3
pit , 2
clay , 3
lawyer? , 2
quiddits , 2
doe's , 2
suffer , 2
rude , 2
knocke , 2
battery? , 2
hum , 2
fines , 2
vouchers , 2
recoueries , 2
fine , 4
dirt? , 2
breadth , 2
paire , 2
hardly , 2
boxe , 2
inheritor , 2
iot , 3
parchment , 2
sheep-skinnes? , 2
graue's , 2
guest , 2
liest , 2
in't , 2
shee's , 2
absolute , 2
is? , 2
yeares , 3
taken , 2
courtier , 2
galls , 2
yeare , 4
came , 4
that? , 2
why? , 2
mad? , 2
loosing , 2
ground? , 2
boy , 2
thirty , 2
lie , 2
rot? , 2
pocky , 2
coarses , 2
adaies , 2
scarce , 2
tanner , 2
nine , 2
another? , 2
scul , 2
laine , 2
years , 2
was? , 2
flaggon , 2
yorick , 2
hung , 2
lipps , 2
kist , 2
songs? , 2
flashes , 2
merriment , 2
ieering? , 2
chopfalne? , 2
alexander , 5
lookt , 2
o'this , 2
smelt , 2
so? , 4
stopping , 2
bunghole , 2
consider , 3
curiously , 2
thether , 2
died , 2
returneth , 2
lome , 3
(whereto , 2
conuerted) , 2
aside , 2
maimed , 2
rites? , 2
betoken , 2
cerimony , 2
else? , 2
warrantie , 2
vnsanctified , 2
lodg'd , 2
shardes , 2
flints , 2
peebles , 2
throwne , 3
maiden , 2
strewments , 2
bringing , 2
priest , 2
sage , 2
requiem , 2
vnpolluted , 2
ministring , 2
angell , 2
hop'd , 2
t'haue , 2
strew'd , 2
terrible , 2
woer , 2
ingenious , 2
sence , 2
leaps , 2
pile , 2
pelion , 2
skyish , 2
beares , 2
emphasis? , 2
wonder-wounded , 2
hearers? , 2
throat , 2
vntill , 2
eielids , 2
longer , 2
theame? , 2
(with , 2
quantitie , 2
loue) , 2
woo't , 4
weepe? , 2
fight? , 2
selfe? , 2
whine , 2
millions , 2
akers , 2
ossa , 2
wart , 2
thou'lt , 2
cuplet , 2
thus? , 2
push , 2
liuing , 2
monument , 2
patience , 2
proceeding , 2
worse , 2
mutines , 2
bilboes , 2
rashly , 2
indiscretion , 2
serues , 2
shapes , 2
sea-gowne , 2
scarft , 2
darke , 2
finger'd , 2
packet , 2
withdrew , 2
feares , 2
forgetting , 2
manners) , 2
vnseale , 2
royall , 2
knauery , 2
exact , 2
denmarks , 2
englands , 2
superuize , 2
leasure , 2
bated , 2
struck , 2
ist , 2
possible? , 2
proceed? , 2
deuis'd , 2
wrote , 2
basenesse , 2
write , 2
laboured , 2
yeomans , 2
seriuce , 2
earnest , 2
coniuration , 2
comma , 2
'tweene , 2
amities , 2
view , 3
contents , 2
bearers , 2
ordinate , 2
modell , 2
subscrib'd , 2
gau't , 2
impression , 2
plac't , 2
safely , 2
fight , 2
sement , 2
conscience , 2
debate , 2
baser , 2
mighty , 2
opposites , 2
kil'd , 2
whor'd , 2
angle , 2
quit , 3
arme? , 2
euill , 2
interim's , 2
life's , 2
portraiture , 2
towring , 2
heere? , 2
crib , 2
dirt , 2
osr , 13
friendship , 2
leysure , 2
bonet , 2
lordship , 3
complexion , 2
exceedingly , 2
soultry , 2
laid , 3
ignorant , 2
excellence , 2
dagger , 2
weapons , 2
wag'd , 2
six , 2
barbary , 3
horses , 3
poniards , 2
assignes , 2
girdle , 2
fancy , 2
responsiue , 2
hilts , 2
delicate , 2
carriages , 3
hangers , 3
germaine , 2
sixe , 2
conceited , 2
passes , 2
answere , 3
no? , 2
tryall , 2
hall , 2
foyles , 5
gaine , 2
shame , 2
odde , 2
hits , 2
redeliuer , 2
complie , 2
dugge , 2
drossie , 2
dotes , 2
only , 2
yesty , 2
collection , 2
carries , 2
tryalls , 2
bubbles , 2
oddes , 4
gain-giuing , 2
trouble , 2
dislike , 2
forestall , 2
prouidence , 2
sparrow , 2
readinesse , 2
attendants , 2
gauntlets , 2
flagons , 2
wine , 3
pardon , 3
i'ue , 2
presence , 2
sore , 2
distraction? , 2
roughly , 2
awake , 2
proclaime , 2
denies , 2
faction , 2
wrong'd , 2
hurt , 2
satisfied , 2
elder , 2
vngorg'd , 2
embrace , 3
foile , 2
fiery , 2
mocke , 2
osricke , 4
laide , 2
weaker , 2
better'd , 2
prepare , 2
stopes , 2
exchange , 3
richer , 2
successiue , 2
cups , 2
trumpet , 2
cannoneer , 2
drinkes , 2
pearle , 2
hit , 2
heere's , 3
napkin , 2
rub , 2
browes , 2
poyson'd , 2
cup , 3
dally , 2
affear'd , 2
scuffling , 2
incens'd , 2
bleed , 2
sides , 2
woodcocke , 2
treacherie , 3
queene? , 2
medicine , 2
treacherous , 2
king's , 2
blame , 2
envenom'd , 2
dyes , 3
seru'd , 2
forgiuenesse , 2
sergeant , 2
vnsatisfied , 2
liquor , 2
th'art , 2
wounded , 2
paine , 2
conquest , 2
fro[m] , 2
poland , 2
ore-crowes , 2
prophesie , 2
lights , 2
occurrents , 2
drumme , 2
hither? , 2
toward , 2
eternall , 2
cell , 2
bloodily , 2
strooke , 2
amb , 2
senselesse , 2
polake , 2
warres , 2
placed , 2
accidentall , 2
casuall , 2
slaughters , 2
vpshot , 2
purposes , 2
mistooke , 2
claime , 2
alwayes , 2
whiles , 2
mens , 2
mindes , 2
wilde , 2
plots , 2
errors , 2
happen , 2
captaines , 2
likely , 2
passage , 2
lowdly , 2
field , 2
amis , 2
