Word ,  Count 
the , 647
tragedie , 2
of , 338
macbeth , 62
by , 49
william , 1
shakespeare , 1
1603 , 1
 , 2441
actus , 5
primus , 1
scoena , 1
prima , 5
thunder , 9
and , 545
lightning , 2
enter , 81
three , 13
witches , 8
1 , 32
when , 40
shall , 68
we , 83
meet , 7
againe , 21
in , 199
or , 37
raine , 1
2 , 20
hurleyburleys , 1
done , 35
battailes , 1
lost , 6
wonne , 2
3 , 20
that , 227
will , 72
be , 137
ere , 15
set , 7
sunne , 3
where , 36
place , 11
vpon , 58
heath , 2
there , 39
to , 383
with , 153
i , 331
come , 54
graymalkin , 1
all , 96
padock , 1
calls , 3
anon , 7
faire , 6
is , 180
foule , 5
houer , 1
through , 6
fogge , 1
filthie , 2
ayre , 14
exeunt , 30
scena , 22
secunda , 5
alarum , 5
within , 17
king , 52
malcome , 1
donalbaine , 7
lenox , 28
attendants , 6
meeting , 5
a , 239
bleeding , 2
captaine , 1
what , 106
bloody , 15
man , 33
he , 110
can , 25
report , 9
as , 89
seemeth , 1
his , 146
plight , 1
reuolt , 2
newest , 3
state , 7
mal , 25
this , 104
serieant , 1
who , 43
like , 40
good , 48
hardie , 1
souldier , 4
fought , 2
gainst , 4
my , 203
captiuitie , 1
haile , 13
braue , 2
friend , 5
say , 39
knowledge , 3
broyle , 1
thou , 87
didst , 4
leaue , 12
it , 161
cap , 3
doubtfull , 2
stood , 4
two , 10
spent , 2
swimmers , 1
doe , 38
cling , 2
together , 5
choake , 1
their , 62
art , 18
mercilesse , 1
macdonwald , 1
worthie , 1
rebell , 2
for , 109
multiplying , 1
villanies , 1
nature , 20
swarme , 1
him , 90
from , 57
westerne , 1
isles , 1
kernes , 3
gallowgrosses , 1
supplyd , 1
fortune , 7
on , 58
damned , 3
quarry , 2
smiling , 1
shewd , 2
rebells , 1
whore , 1
but , 120
alls , 4
too , 30
weake , 2
well , 33
hee , 8
deserues , 2
name , 14
disdayning , 1
brandisht , 1
steele , 2
which , 80
smoakd , 1
execution , 3
valours , 1
minion , 1
carud , 1
out , 26
passage , 2
till , 20
facd , 1
slaue , 3
neur , 1
shooke , 1
hands , 12
nor , 24
bad , 5
farwell , 2
vnseamd , 1
naue , 1
toth , 6
chops , 1
fixd , 1
head , 9
our , 123
battlements , 2
o , 17
valiant , 4
cousin , 2
worthy , 16
gentleman , 3
whence , 6
gins , 1
reflection , 1
shipwracking , 1
stormes , 1
direfull , 1
thunders , 1
so , 96
spring , 2
comfort , 5
seemd , 3
discomfort , 2
swells , 1
marke , 3
scotland , 12
no , 67
sooner , 2
iustice , 3
had , 34
valour , 4
armd , 2
compelld , 1
these , 23
skipping , 1
trust , 4
heeles , 2
norweyan , 3
lord , 38
surueying , 1
vantage , 3
furbusht , 1
armes , 2
new , 12
supplyes , 1
men , 16
began , 3
fresh , 1
assault , 1
dismayd , 1
not , 165
captaines , 1
banquoh , 1
yes , 2
sparrowes , 1
eagles , 1
hare , 1
lyon , 2
if , 42
sooth , 2
must , 36
they , 70
were , 39
cannons , 1
ouerchargd , 1
double , 11
cracks , 1
doubly , 1
redoubled , 1
stroakes , 2
foe , 1
except , 1
meant , 1
bathe , 1
reeking , 1
wounds , 3
memorize , 1
another , 6
golgotha , 1
cannot , 20
tell , 10
am , 30
faint , 1
gashes , 3
cry , 9
helpe , 6
thy , 56
words , 10
become , 4
thee , 61
smack , 1
honor , 10
both , 18
goe , 15
get , 9
surgeons , 1
rosse , 49
angus , 6
comes , 13
here , 17
thane , 25
haste , 1
lookes , 2
eyes , 11
should , 41
looke , 23
seemes , 5
speake , 29
things , 23
strange , 16
god , 13
saue , 1
camst , 1
fiffe , 1
great , 31
banners , 2
flowt , 1
skie , 1
fanne , 1
people , 4
cold , 6
norway , 2
himselfe , 8
terrible , 5
numbers , 2
assisted , 1
most , 23
disloyall , 1
traytor , 1
cawdor , 21
dismall , 3
conflict , 1
bellonas , 1
bridegroome , 1
lapt , 1
proofe , 1
confronted , 1
selfecomparisons , 1
point , 5
against , 14
rebellious , 2
arme , 4
curbing , 1
lauish , 1
spirit , 3
conclude , 1
victorie , 1
fell , 8
vs , 55
happinesse , 1
now , 53
sweno , 1
norwayes , 1
craues , 1
composition , 1
would , 47
deigne , 1
buriall , 1
disbursed , 1
at , 52
saint , 1
colmes , 1
ynch , 1
ten , 5
thousand , 4
dollars , 1
generall , 4
vse , 6
more , 50
deceiue , 1
bosome , 4
interest , 1
pronounce , 4
present , 8
death , 20
former , 5
title , 5
greet , 2
ile , 35
see , 31
hath , 52
noble , 13
tertia , 5
hast , 8
beene , 11
sister , 2
killing , 1
swine , 1
saylors , 1
wife , 34
chestnuts , 1
her , 43
lappe , 1
mouncht , 3
giue , 24
me , 113
quoth , 1
aroynt , 1
witch , 1
rumpefed , 1
ronyon , 1
cryes , 2
husbands , 1
aleppo , 1
gone , 8
master , 5
oth , 13
tiger , 2
syue , 1
thither , 5
sayle , 1
rat , 1
without , 14
tayle , 1
winde , 4
thart , 1
kinde , 3
selfe , 32
haue , 122
other , 15
very , 11
ports , 1
blow , 4
quarters , 1
know , 33
ith , 15
shipmans , 1
card , 1
dreyne , 1
drie , 1
hay , 1
sleepe , 23
neyther , 2
night , 29
day , 19
hang , 8
penthouse , 1
lid , 1
liue , 10
forbid , 2
wearie , 2
seunights , 1
nine , 4
times , 4
dwindle , 1
peake , 1
pine , 2
though , 17
barke , 1
yet , 57
tempesttost , 1
shew , 16
pilots , 1
thumbe , 1
wrackt , 1
homeward , 1
did , 41
drum , 4
drumme , 4
doth , 6
weyward , 3
sisters , 7
hand , 23
posters , 1
sea , 3
land , 3
thus , 13
about , 12
thrice , 5
thine , 10
mine , 26
make , 38
vp , 26
peace , 11
charmes , 3
wound , 2
banquo , 34
macb , 137
seene , 6
how , 34
farre , 5
ist , 8
calld , 5
soris , 1
are , 73
witherd , 2
wilde , 3
attyre , 1
th , 26
inhabitants , 1
earth , 7
ont , 4
you , 203
aught , 1
may , 31
question , 4
seeme , 7
vnderstand , 1
each , 13
once , 11
choppie , 1
finger , 2
laying , 1
skinnie , 1
lips , 3
women , 5
your , 126
beards , 1
interprete , 1
mac , 10
glamis , 4
shalt , 6
hereafter , 3
banq , 24
sir , 29
why , 32
start , 4
feare , 35
sound , 5
truth , 8
ye , 3
fantasticall , 2
indeed , 5
outwardly , 1
partner , 2
grace , 10
prediction , 1
hauing , 3
royall , 9
hope , 9
wrapt , 1
withall , 6
into , 12
seedes , 2
time , 46
graine , 1
grow , 2
then , 63
begge , 2
fauors , 1
hate , 2
hayle , 3
lesser , 2
than , 1
greater , 3
happy , 3
much , 13
happyer , 1
kings , 12
none , 13
stay , 5
imperfect , 1
speakers , 1
sinells , 1
liues , 11
prosperous , 2
stands , 5
prospect , 1
beleefe , 2
owe , 4
intelligence , 1
blasted , 1
stop , 2
way , 17
such , 24
prophetique , 1
greeting , 1
charge , 3
vanish , 2
bubbles , 1
water , 4
has , 19
them , 50
whither , 2
vanishd , 2
corporall , 2
melted , 1
breath , 7
stayd , 1
eaten , 2
insane , 1
root , 2
takes , 5
reason , 5
prisoner , 1
children , 7
went , 4
selfesame , 2
tune , 1
whos , 7
happily , 1
receiud , 2
newes , 4
successe , 4
reades , 1
personall , 1
venture , 1
rebels , 1
sight , 10
wonders , 1
prayses , 2
contend , 3
silencd , 1
viewing , 1
ore , 4
rest , 9
findes , 2
stout , 1
rankes , 1
nothing , 16
afeard , 1
images , 1
thick , 3
tale , 2
post , 2
euery , 16
one , 32
beare , 10
kingdomes , 2
defence , 2
powrd , 1
downe , 15
before , 21
ang , 4
wee , 4
sent , 4
thanks , 4
onely , 12
harrold , 1
pay , 4
an , 28
earnest , 2
call , 10
addition , 2
deuill , 3
true , 8
dresse , 1
borrowed , 1
robes , 2
was , 45
vnder , 7
heauie , 4
iudgement , 2
beares , 2
life , 18
loose , 3
whether , 4
combind , 1
those , 24
lyne , 1
hidden , 1
labourd , 1
countreyes , 1
wracke , 2
treasons , 2
capitall , 1
confessd , 2
proud , 2
ouerthrowne , 1
glamys , 4
greatest , 2
behinde , 1
thankes , 5
paines , 4
gaue , 2
promisd , 4
lesse , 8
trusted , 2
home , 5
might , 7
enkindle , 1
vnto , 3
crowne , 5
besides , 3
tis , 37
oftentimes , 1
winne , 3
harme , 5
instruments , 3
darknesse , 2
truths , 2
honest , 5
trifles , 1
betrays , 1
deepest , 1
consequence , 2
cousins , 1
word , 6
pray , 13
told , 2
prologues , 1
swelling , 1
act , 4
imperiall , 2
theame , 1
thanke , 4
gentlemen , 4
supernaturall , 1
solliciting , 1
ill , 3
giuen , 8
commencing , 1
yeeld , 4
suggestion , 1
whose , 14
horrid , 3
image , 2
vnfixe , 2
heire , 1
seated , 1
heart , 18
knock , 16
ribbes , 1
feares , 8
horrible , 3
imaginings , 1
thought , 15
murther , 9
shakes , 1
single , 3
function , 1
smotherd , 1
surmise , 1
partners , 1
rapt , 2
chance , 5
stirre , 2
honors , 4
garments , 1
cleaue , 2
mould , 1
aid , 1
houre , 10
runs , 1
roughest , 1
leysure , 3
fauour , 1
dull , 1
braine , 4
wrought , 4
forgotten , 2
registred , 1
turne , 3
leafe , 2
reade , 2
let , 35
toward , 5
thinke , 13
chancd , 1
interim , 1
weighd , 2
free , 5
hearts , 3
gladly , 1
enough , 8
friends , 10
quarta , 4
flourish , 5
malcolme , 13
commission , 1
returnd , 1
liege , 3
back , 1
spoke , 4
saw , 5
die , 1
frankly , 1
implord , 1
highnesse , 9
pardon , 2
forth , 6
deepe , 6
repentance , 1
became , 2
leauing , 1
dyde , 4
studied , 1
throw , 7
away , 11
dearest , 4
thing , 7
owd , 2
twere , 3
carelesse , 1
trifle , 1
theres , 14
finde , 11
mindes , 3
construction , 1
face , 10
whom , 11
built , 1
absolute , 3
worthyest , 1
sinne , 2
ingratitude , 1
euen , 11
swiftest , 1
wing , 3
recompence , 1
slow , 2
ouertake , 1
hadst , 1
deserud , 2
proportion , 1
payment , 1
left , 6
due , 4
seruice , 4
loyaltie , 1
doing , 2
payes , 1
part , 5
receiue , 5
duties , 5
throne , 4
seruants , 4
safe , 5
loue , 19
welcome , 11
hither , 5
begun , 2
plant , 2
labour , 3
full , 10
growing , 1
knowne , 8
enfold , 1
hold , 11
haruest , 1
owne , 17
plenteous , 1
ioyes , 1
wanton , 1
fulnesse , 1
seeke , 3
hide , 4
themselues , 6
drops , 1
sorrow , 8
sonnes , 5
kinsmen , 2
thanes , 6
places , 1
nearest , 1
establish , 1
estate , 2
eldest , 1
prince , 2
cumberland , 2
vnaccompanied , 1
inuest , 1
signes , 1
noblenesse , 1
starres , 2
shine , 3
deseruers , 1
hence , 11
envernes , 1
binde , 1
further , 9
labor , 1
vsd , 2
herbenger , 1
ioyfull , 2
hearing , 2
approach , 4
humbly , 1
take , 17
step , 1
fall , 6
else , 11
oreleape , 1
lyes , 6
fires , 1
light , 9
black , 4
desires , 1
eye , 11
winke , 1
bee , 2
commendations , 1
fed , 1
banquet , 2
lets , 7
after , 6
care , 5
bid , 7
peerelesse , 1
kinsman , 2
quinta , 3
macbeths , 4
alone , 4
letter , 1
lady , 48
met , 3
learnd , 1
perfectst , 1
mortall , 6
burnt , 1
desire , 7
made , 13
whiles , 4
wonder , 2
came , 5
missiues , 1
allhaild , 1
saluted , 1
referrd , 1
comming , 6
deliuer , 1
greatnesse , 3
mightst , 1
dues , 1
reioycing , 1
being , 10
ignorant , 2
lay , 5
farewell , 2
milke , 3
humane , 2
kindnesse , 1
catch , 3
neerest , 1
wouldst , 6
ambition , 3
illnesse , 1
attend , 5
highly , 2
holily , 2
play , 4
false , 9
wrongly , 1
thouldst , 1
rather , 8
dost , 3
wishest , 1
vndone , 2
high , 5
powre , 6
spirits , 5
eare , 5
chastise , 1
tongue , 9
impeides , 1
golden , 4
round , 6
fate , 6
metaphysicall , 1
ayde , 1
crownd , 2
messenger , 6
tidings , 1
mess , 2
thourt , 1
mad , 3
wert , 1
informd , 1
preparation , 2
please , 6
fellowes , 2
speed , 1
almost , 8
dead , 14
scarcely , 1
message , 2
tending , 1
brings , 1
exit , 13
rauen , 2
hoarse , 1
croakes , 1
fatall , 4
entrance , 2
duncan , 10
tend , 1
thoughts , 10
vnsex , 1
fill , 5
toe , 2
topfull , 1
direst , 1
crueltie , 1
blood , 23
accesse , 1
remorse , 1
compunctious , 1
visitings , 1
shake , 7
purpose , 5
keepe , 12
betweene , 2
effect , 1
hit , 2
womans , 3
brests , 1
gall , 2
murthring , 1
ministers , 2
whereeuer , 1
sightlesse , 2
substances , 1
wait , 2
natures , 6
mischiefe , 1
pall , 1
dunnest , 1
smoake , 1
hell , 8
keene , 2
knife , 2
makes , 7
heauen , 15
peepe , 1
blanket , 1
darke , 5
allhaile , 1
letters , 1
transported , 1
beyond , 2
feele , 4
future , 1
instant , 2
goes , 7
morrow , 11
purposes , 1
neuer , 13
booke , 1
matters , 1
beguile , 1
innocent , 5
flower , 2
serpent , 2
vndert , 1
thats , 9
prouided , 1
put , 16
nights , 8
businesse , 9
dispatch , 2
dayes , 8
solely , 1
soueraigne , 2
sway , 2
masterdome , 1
cleare , 2
alter , 1
fauor , 1
euer , 13
sexta , 3
hoboyes , 3
torches , 2
macduff , 9
castle , 4
pleasant , 1
seat , 2
nimbly , 1
sweetly , 1
recommends , 1
gentle , 6
sences , 3
guest , 3
summer , 1
templehaunting , 1
barlet , 1
does , 8
approue , 1
loued , 1
mansonry , 1
heauens , 4
smells , 1
wooingly , 1
iutty , 1
frieze , 1
buttrice , 1
coigne , 1
bird , 3
pendant , 1
bed , 12
procreant , 1
cradle , 1
breed , 4
haunt , 2
obserud , 1
delicate , 1
honord , 1
hostesse , 5
followes , 1
sometime , 3
trouble , 7
still , 19
herein , 1
teach , 2
godeyld , 1
twice , 1
poore , 16
broad , 3
wherewith , 1
maiestie , 2
loades , 1
house , 6
old , 9
late , 6
dignities , 1
heapd , 1
ermites , 1
wheres , 1
courst , 1
purueyor , 1
rides , 1
sharpe , 1
spurre , 2
holp , 1
la , 21
theirs , 2
compt , 1
audit , 1
pleasure , 5
returne , 5
conduct , 1
host , 3
continue , 2
graces , 4
towards , 4
septima , 2
sewer , 1
diuers , 1
dishes , 1
ouer , 1
stage , 3
twer , 1
quickly , 3
assassination , 1
could , 14
trammell , 1
surcease , 1
end , 4
heere , 22
banke , 1
schoole , 2
weeld , 1
iumpe , 1
cases , 1
instructions , 1
taught , 1
plague , 1
inuenter , 1
euenhanded , 1
commends , 1
ingredience , 2
poysond , 2
challice , 1
hees , 5
first , 12
subiect , 2
strong , 5
deed , 14
murtherer , 2
shut , 3
doore , 3
duncane , 3
borne , 13
faculties , 1
meeke , 1
bin , 3
cleere , 2
office , 3
vertues , 1
pleade , 1
angels , 2
trumpettongud , 1
damnation , 1
taking , 1
off , 9
pitty , 2
naked , 2
newbornebabe , 1
striding , 1
blast , 1
cherubin , 1
horsd , 1
curriors , 1
teares , 2
drowne , 2
pricke , 2
sides , 4
intent , 1
vaulting , 1
oreleapes , 1
falles , 1
supt , 2
chamber , 6
askd , 2
proceed , 1
honourd , 1
bought , 2
opinions , 1
sorts , 1
worne , 1
glosse , 1
cast , 3
aside , 1
soone , 3
drunke , 1
wherein , 1
drest , 1
slept , 2
since , 6
wakes , 1
greene , 2
pale , 4
freely , 1
account , 1
affeard , 3
same , 1
esteemst , 1
ornament , 1
coward , 2
esteeme , 2
letting , 1
dare , 13
cat , 2
addage , 1
prythee , 4
do , 44
dares , 3
beast , 1
wast , 4
breake , 3
enterprize , 1
durst , 1
adhere , 1
fitnesse , 1
dos , 16
vnmake , 1
sucke , 1
tender , 2
babe , 2
milkes , 1
while , 7
smyling , 1
pluckt , 1
nipple , 1
bonelesse , 1
gummes , 1
dasht , 1
braines , 2
sworne , 1
faile , 3
screw , 1
courage , 3
sticking , 2
weele , 2
fayle , 1
asleepe , 2
whereto , 1
hard , 3
iourney , 1
soundly , 1
inuite , 2
chamberlaines , 1
wine , 3
wassell , 1
conuince , 1
memorie , 1
warder , 1
fume , 1
receit , 1
lymbeck , 1
swinish , 1
drenched , 1
performe , 4
vnguarded , 1
spungie , 1
officers , 1
guilt , 2
quell , 1
bring , 9
menchildren , 1
vndaunted , 1
mettle , 1
compose , 1
males , 1
markd , 2
sleepie , 2
daggers , 7
dont , 3
griefes , 1
clamor , 1
rore , 1
settled , 1
bend , 1
agent , 1
feat , 1
mock , 2
fairest , 1
show , 2
secundus , 1
fleance , 4
torch , 3
boy , 3
moone , 2
heard , 8
clock , 2
she , 17
twelue , 1
taket , 1
later , 1
sword , 13
husbandry , 1
candles , 1
summons , 3
lead , 1
mercifull , 2
powers , 1
restraine , 1
cursed , 2
giues , 4
repose , 2
seruant , 11
vnusuall , 1
largesse , 1
offices , 2
diamond , 1
greetes , 1
kind , 1
measurelesse , 1
content , 2
vnprepard , 1
defect , 1
dreamt , 1
last , 9
some , 17
entreat , 1
serue , 2
spend , 4
graunt , 1
kindst , 1
consent , 1
lose , 1
seeking , 1
augment , 1
franchisd , 1
allegeance , 1
counsaild , 1
mistresse , 1
drinke , 8
ready , 3
strike , 5
bell , 7
dagger , 2
handle , 1
clutch , 1
vision , 1
sensible , 1
feeling , 1
minde , 9
creation , 1
proceeding , 1
heatoppressed , 1
forme , 1
palpable , 1
draw , 3
marshallst , 1
going , 2
instrument , 1
fooles , 2
worth , 4
blade , 2
dudgeon , 1
gouts , 1
informes , 1
halfe , 3
world , 6
wicked , 2
dreames , 2
abuse , 1
curtaind , 1
witchcraft , 1
celebrates , 1
heccats , 2
offrings , 1
alarumd , 1
centinell , 1
wolfe , 2
howles , 1
watch , 3
stealthy , 1
pace , 2
tarquins , 1
rauishing , 1
designe , 1
moues , 2
ghost , 3
sowre , 1
firmeset , 1
heare , 18
steps , 1
walke , 4
stones , 2
prate , 1
whereabout , 1
horror , 5
sutes , 1
threat , 1
heat , 1
deedes , 1
rings , 2
inuites , 1
knell , 3
drunk , 1
bold , 4
quenchd , 1
fire , 5
hearke , 6
owle , 4
shriekd , 1
bellman , 1
sternst , 1
goodnight , 4
doores , 1
open , 3
surfeted , 1
groomes , 3
snores , 1
druggd , 1
possets , 1
dye , 4
hoa , 3
alack , 1
afraid , 2
awakd , 2
attempt , 2
confounds , 1
layd , 1
misse , 3
em , 5
resembled , 1
father , 13
husband , 4
noyse , 3
schreame , 1
crickets , 1
descended , 1
second , 4
sorry , 2
foolish , 1
laugh , 4
ins , 1
cryd , 4
wake , 3
prayers , 3
addrest , 1
lodgd , 2
blesse , 3
amen , 5
hangmans , 1
listning , 1
consider , 1
deepely , 1
wherefore , 3
need , 4
blessing , 3
stuck , 1
throat , 3
deeds , 2
wayes , 3
voyce , 1
sleep , 3
knits , 1
raueld , 1
sleeue , 1
sore , 2
labors , 1
bath , 1
balme , 1
hurt , 1
course , 2
chiefe , 2
nourisher , 1
lifes , 3
feast , 5
meane , 4
murtherd , 5
therefore , 3
vnbend , 1
strength , 3
brainesickly , 1
wash , 3
witnesse , 2
lye , 9
carry , 2
smeare , 1
infirme , 1
sleeping , 2
pictures , 1
childhood , 1
painted , 2
bleed , 4
guild , 1
faces , 5
knocke , 4
knocking , 8
appalls , 1
hah , 1
pluck , 1
neptunes , 1
ocean , 1
cleane , 2
multitudinous , 1
seas , 1
incarnardine , 1
making , 3
red , 1
colour , 1
shame , 4
weare , 3
white , 1
south , 1
entry , 1
retyre , 1
little , 6
cleares , 1
easie , 3
constancie , 1
vnattended , 1
nightgowne , 2
least , 4
occasion , 1
watchers , 1
poorely , 1
best , 8
couldst , 2
porter , 4
heres , 4
indeede , 1
gate , 4
turning , 1
key , 2
belzebub , 1
farmer , 1
hangd , 3
expectation , 2
plentie , 1
napkins , 1
enow , 2
youle , 1
sweat , 1
fort , 3
deuils , 1
faith , 4
equiuocator , 3
sweare , 1
scales , 1
eyther , 1
scale , 2
committed , 1
treason , 3
gods , 3
sake , 1
equiuocate , 1
oh , 7
english , 6
taylor , 2
stealing , 1
french , 1
hose , 1
rost , 1
goose , 1
quiet , 1
deuillporter , 1
professions , 1
primrose , 1
euerlasting , 1
bonfire , 1
remember , 4
macd , 58
port , 3
carowsing , 1
cock , 1
prouoker , 1
especially , 1
prouoke , 1
marry , 2
nosepainting , 1
vrine , 1
lecherie , 2
prouokes , 2
vnprouokes , 1
performance , 1
said , 5
marres , 1
sets , 1
perswades , 1
disheartens , 1
stand , 11
conclusion , 1
equiuocates , 1
giuing , 1
leaues , 2
beleeue , 3
ithe , 1
requited , 1
tooke , 2
legges , 1
shift , 2
stirring , 2
command , 6
timely , 2
slipt , 1
delight , 2
physicks , 1
paine , 1
limitted , 1
macduffe , 18
appoint , 1
been , 3
vnruly , 1
chimneys , 1
blowne , 1
lamentings , 1
schreemes , 1
prophecying , 1
accents , 1
dyre , 1
combustion , 1
confusd , 1
euents , 1
hatchd , 1
wofull , 1
obscure , 1
clamord , 1
liuelong , 1
feuorous , 1
twas , 1
rough , 1
young , 4
remembrance , 3
paralell , 1
fellow , 2
conceiue , 1
whats , 12
matter , 1
confusion , 2
masterpeece , 1
sacrilegious , 1
broke , 4
ope , 1
lords , 8
anoynted , 1
temple , 1
stole , 1
thence , 6
building , 1
approch , 1
destroy , 2
gorgon , 1
selues , 5
awake , 3
ring , 4
downey , 1
deaths , 1
counterfeit , 1
doomes , 1
graues , 2
rise , 6
sprights , 3
countenance , 1
hideous , 1
trumpet , 1
parley , 1
sleepers , 1
repetition , 1
masters , 2
woe , 2
alas , 4
ban , 7
cruell , 4
any , 8
deare , 2
duff , 1
contradict , 1
dyd , 2
liud , 4
blessed , 1
serious , 1
mortalitie , 1
toyes , 1
renowne , 1
drawne , 1
meere , 3
lees , 1
vault , 1
brag , 1
donal , 2
amisse , 1
knowt , 1
fountaine , 1
stopt , 2
source , 1
fathers , 3
badgd , 1
vnwipd , 1
found , 3
pillowes , 2
stard , 1
distracted , 1
mans , 3
repent , 1
furie , 1
kill , 3
wise , 2
amazd , 2
temprate , 1
furious , 1
loyall , 2
neutrall , 1
moment , 3
expedition , 1
violent , 4
outrun , 1
pawser , 1
siluer , 1
skinne , 1
lacd , 1
gashd , 1
stabs , 1
lookd , 3
breach , 1
ruines , 1
wastfull , 1
murtherers , 4
steepd , 1
colours , 6
trade , 2
vnmannerly , 1
breechd , 1
gore , 1
refraine , 1
tongues , 2
clayme , 1
argument , 1
ours , 2
spoken , 3
hid , 2
augure , 1
hole , 1
rush , 1
seize , 2
brewd , 1
foot , 2
motion , 1
frailties , 1
suffer , 3
exposure , 1
piece , 1
worke , 4
scruples , 2
vndivulgd , 1
pretence , 1
fight , 11
treasonous , 1
mallice , 3
briefely , 1
manly , 2
readinesse , 1
hall , 1
contented , 1
malc , 15
consort , 1
vnfelt , 1
england , 8
don , 1
ireland , 2
seperated , 1
safer , 2
mens , 2
smiles , 2
neere , 6
neerer , 1
murtherous , 1
shaft , 1
shot , 1
lighted , 2
safest , 1
auoid , 1
ayme , 1
horse , 4
daintie , 1
leauetaking , 2
warrant , 1
theft , 1
steales , 1
mercie , 1
threescore , 1
volume , 1
houres , 2
dreadfull , 2
trifled , 1
knowings , 1
ha , 1
seest , 1
troubled , 2
threatens , 1
byth , 1
strangles , 1
trauailing , 1
lampe , 1
predominance , 1
intombe , 1
liuing , 1
kisse , 2
vnnaturall , 3
tuesday , 1
faulcon , 1
towring , 1
pride , 1
mowsing , 1
hawkt , 1
killd , 4
duncans , 3
horses , 5
certaine , 5
beauteous , 1
swift , 4
minions , 1
race , 1
turnd , 1
stalls , 1
flong , 1
contending , 1
obedience , 3
warre , 4
mankinde , 1
eate , 3
amazement , 1
vpont , 2
ross , 2
known , 2
slaine , 5
pretend , 1
subborned , 1
stolne , 1
fled , 7
puts , 1
suspition , 1
thriftlesse , 1
meanes , 5
soueraignty , 2
already , 3
namd , 2
scone , 3
inuested , 1
body , 3
carried , 1
colmekill , 1
sacred , 1
storehouse , 1
predecessors , 1
guardian , 1
bones , 3
cosin , 2
fife , 4
wel , 2
adieu , 2
sit , 7
easier , 1
m , 1
benyson , 1
go , 11
foes , 2
omnes , 2
tertius , 1
weyard , 3
playdst , 1
fowly , 1
saide , 1
posterity , 1
roote , 3
many , 9
speeches , 3
verities , 1
oracles , 1
hush , 1
senit , 1
sounded , 1
heeres , 4
bene , 5
gap , 1
allthing , 1
vnbecomming , 1
solemne , 1
supper , 3
request , 1
presence , 2
indissoluble , 1
tye , 1
knit , 1
ride , 3
afternoone , 1
desird , 1
aduice , 2
graue , 5
councell , 1
twixt , 1
better , 8
borrower , 1
twaine , 1
cozens , 1
bestowd , 1
confessing , 1
parricide , 1
filling , 1
hearers , 1
inuention , 1
therewithall , 1
cause , 5
crauing , 1
ioyntly , 1
hye , 1
vpons , 2
wish , 3
sure , 4
commend , 2
backs , 1
seuen , 1
societie , 1
sweeter , 1
sirrha , 1
pallace , 3
safely , 1
sticke , 1
royaltie , 1
reignes , 1
feard , 1
dauntlesse , 1
temper , 1
wisdome , 1
guide , 1
safetie , 1
genius , 1
rebukd , 1
mark , 1
anthonies , 1
caesar , 1
chid , 1
prophetlike , 1
hayld , 1
line , 3
placd , 2
fruitlesse , 1
barren , 1
scepter , 1
gripe , 1
wrencht , 1
vnlineall , 1
sonne , 8
succeeding , 2
ift , 3
banquos , 5
issue , 6
fild , 1
gracious , 7
rancours , 1
vessell , 1
eternall , 2
iewell , 1
common , 2
enemie , 4
lyst , 2
champion , 1
vtterance , 1
yesterday , 1
murth , 3
considerd , 1
past , 2
held , 1
conference , 1
probation , 1
crost , 1
soule , 4
notion , 1
crazd , 1
1murth , 4
patience , 3
predominant , 1
gospelld , 1
bowd , 1
beggerd , 1
yours , 3
catalogue , 1
hounds , 1
greyhounds , 1
mungrels , 1
spaniels , 1
curres , 1
showghes , 1
waterrugs , 1
demywolues , 1
clipt , 1
dogges , 1
valued , 1
file , 3
distinguishes , 1
subtle , 1
housekeeper , 1
hunter , 1
according , 2
gift , 1
bounteous , 1
closd , 1
whereby , 1
particular , 1
bill , 1
writes , 1
alike , 1
station , 2
worst , 5
ranke , 1
manhood , 2
sayt , 1
bosomes , 2
grapples , 1
health , 5
sickly , 2
perfect , 4
2murth , 2
vile , 1
blowes , 1
buffets , 1
incensd , 1
recklesse , 1
spight , 2
disasters , 1
tuggd , 1
mend , 1
rid , 1
distance , 2
minute , 2
thrusts , 1
neerst , 1
barefacd , 1
power , 7
sweepe , 1
auouch , 1
loues , 4
drop , 3
wayle , 1
struck , 1
assistance , 1
masking , 1
sundry , 3
weightie , 1
reasons , 1
aduise , 2
acquaint , 1
spy , 1
something , 4
alwayes , 1
require , 2
clearenesse , 1
rubs , 1
botches , 1
fleans , 9
keepes , 4
companie , 1
absence , 2
materiall , 1
embrace , 1
resolue , 1
apart , 1
resolud , 1
straight , 2
abide , 2
concluded , 1
soules , 4
flight , 4
court , 4
madame , 2
returnes , 1
few , 1
noughts , 1
got , 2
destruction , 2
dwell , 1
ioy , 2
sorryest , 1
fancies , 2
companions , 1
vsing , 1
remedie , 1
regard , 2
scorchd , 1
snake , 2
sheele , 1
close , 3
whilest , 1
remaines , 2
danger , 2
tooth , 2
frame , 1
disioynt , 1
worlds , 1
meale , 1
affliction , 1
nightly , 1
gayne , 2
torture , 1
restlesse , 1
extasie , 2
fitfull , 1
feuer , 1
sleepes , 1
poyson , 1
domestique , 1
forraine , 1
leuie , 1
touch , 3
sleeke , 1
rugged , 2
bright , 2
iouiall , 1
among , 1
guests , 1
apply , 1
eminence , 1
vnsafe , 1
laue , 1
flattering , 1
streames , 1
vizards , 1
disguising , 1
scorpions , 1
knowst , 1
coppies , 1
eterne , 1
assaileable , 1
iocund , 1
bat , 2
flowne , 1
cloysterd , 1
shardborne , 1
beetle , 1
drowsie , 1
hums , 2
rung , 1
yawning , 1
peale , 1
note , 4
chuck , 1
applaud , 3
seeling , 1
skarfe , 1
pittifull , 2
bloodie , 1
inuisible , 1
cancell , 1
teare , 2
pieces , 1
bond , 2
thickens , 1
crow , 1
rookie , 1
wood , 11
begin , 2
droope , 1
drowse , 1
agents , 1
preys , 1
rowse , 1
maruellst , 1
ioyne , 1
needes , 2
mistrust , 1
deliuers , 1
direction , 2
iust , 3
west , 1
glimmers , 1
streakes , 1
spurres , 1
lated , 1
traueller , 1
apace , 1
inne , 1
approches , 1
alreadie , 1
mile , 2
vsually , 1
toot , 2
rayne , 1
trecherie , 1
flye , 10
mayst , 3
reuenge , 2
affaire , 1
scaena , 4
prepard , 1
degrees , 1
hearty , 1
maiesty , 3
mingle , 2
society , 1
humble , 1
speakes , 1
encounter , 1
harts , 1
midst , 1
large , 2
mirth , 2
weel , 7
measure , 2
table , 2
mur , 7
dispatchd , 1
cut , 3
cutthroats , 1
nonpareill , 1
scapd , 1
fit , 4
whole , 4
marble , 1
founded , 1
rocke , 1
casing , 1
cabind , 1
cribd , 1
confind , 1
bound , 1
sawcy , 2
doubts , 2
ditch , 1
bides , 1
twenty , 3
trenched , 1
growne , 1
worme , 1
venom , 2
teeth , 1
murderer , 1
cheere , 4
sold , 2
often , 4
vouchd , 1
feede , 1
sawce , 2
meate , 2
ceremony , 1
bare , 1
sits , 2
sweet , 4
remembrancer , 1
digestion , 1
waite , 1
appetite , 1
mayt , 1
countries , 3
roofd , 1
gracd , 1
person , 3
challenge , 1
vnkindnesse , 1
mischance , 1
layes , 1
blame , 2
promise , 2
pleast , 1
company , 1
tables , 2
reserud , 1
canst , 3
goary , 1
lockes , 2
youth , 1
momentary , 1
offend , 1
extend , 1
passion , 2
feed , 2
appall , 1
diuell , 4
proper , 1
stuffe , 2
painting , 1
ayredrawnedagger , 1
led , 2
flawes , 1
starts , 1
impostors , 1
story , 2
winters , 1
authorizd , 1
grandam , 1
stoole , 1
behold , 4
loe , 1
nod , 1
charnell , 1
houses , 1
send , 6
bury , 1
backe , 5
monuments , 1
mawes , 1
kytes , 1
quite , 1
vnmannd , 1
folly , 2
fie , 2
shed , 1
olden , 1
statute , 1
purgd , 1
weale , 2
murthers , 3
performd , 1
crownes , 1
push , 2
stooles , 1
lacke , 3
forget , 1
muse , 1
infirmity , 1
deere , 3
thirst , 1
pledge , 1
auant , 1
quit , 1
marrowlesse , 1
speculation , 1
glare , 1
peeres , 1
custome , 2
spoyles , 1
russian , 1
rhinoceros , 1
hircan , 1
shape , 1
firme , 2
nerues , 1
tremble , 1
aliue , 3
desart , 1
trembling , 1
inhabit , 1
protest , 2
mee , 2
baby , 1
girle , 1
shadow , 3
vnreall , 1
mockry , 1
displacd , 1
admird , 1
disorder , 1
ouercome , 1
summers , 1
clowd , 1
speciall , 1
disposition , 1
sights , 3
naturall , 2
rubie , 1
cheekes , 2
blanchd , 1
growes , 3
worse , 4
enrages , 1
order , 2
len , 5
moue , 4
trees , 2
augures , 1
vnderstood , 1
relations , 1
maggot , 1
pyes , 1
choughes , 1
rookes , 1
brought , 2
secretst , 1
oddes , 1
morning , 2
sayst , 1
denies , 1
bidding , 1
betimes , 2
bent , 1
causes , 2
stept , 1
wade , 1
returning , 1
tedious , 1
acted , 1
scand , 1
season , 2
selfabuse , 1
initiate , 1
wants , 2
yong , 4
hecat , 3
angerly , 1
hec , 2
beldams , 1
ouerbold , 1
trafficke , 1
riddles , 1
affaires , 1
mistris , 1
contriuer , 1
harmes , 2
glory , 1
wayward , 1
spightfull , 1
wrathfull , 1
others , 3
ends , 2
amends , 1
gon , 1
pit , 1
acheron , 1
meete , 1
destinie , 1
vessels , 1
spels , 1
prouide , 2
beside , 2
noone , 1
corner , 1
hangs , 1
vaprous , 1
profound , 1
ground , 2
distilld , 1
magicke , 1
slights , 1
raise , 1
artificiall , 1
illusion , 1
spurne , 1
scorne , 4
hopes , 3
boue , 1
wisedome , 6
security , 1
mortals , 1
cheefest , 1
musicke , 3
song , 2
foggy , 1
cloud , 1
stayes , 1
sing , 2
c , 2
sheel , 1
interpret , 1
farther , 1
strangely , 2
pittied , 1
right , 3
walkd , 2
want , 1
monstrous , 1
donalbane , 2
fact , 1
greeue , 2
pious , 2
rage , 1
delinquents , 1
slaues , 1
thralles , 1
nobly , 1
wisely , 1
twould , 1
angerd , 1
denyt , 1
andt , 1
fayld , 1
tyrants , 6
disgrace , 2
bestowes , 1
tyrant , 9
holds , 1
birth , 1
receyud , 1
edward , 1
maleuolence , 1
respect , 1
holy , 3
ayd , 1
northumberland , 1
warlike , 3
seyward , 10
aboue , 3
ratifie , 1
feasts , 1
banquets , 1
kniues , 1
faithfull , 1
homage , 1
exasperate , 1
prepares , 1
clowdy , 1
turnes , 1
youl , 2
rue , 1
clogges , 1
answer , 5
caution , 2
t , 2
angell , 2
vnfold , 1
suffering , 1
country , 5
accursd , 1
quartus , 1
brinded , 1
mewd , 1
hedgepigge , 1
whind , 1
harpier , 1
cries , 2
caldron , 2
entrailes , 1
toad , 1
stone , 1
thirty , 1
sweltred , 1
boyle , 3
charmed , 2
pot , 1
toile , 1
burne , 4
cauldron , 5
bubble , 4
fillet , 1
fenny , 1
bake , 1
newt , 1
frogge , 1
wooll , 1
dogge , 1
adders , 1
forke , 1
blindewormes , 1
sting , 1
lizards , 1
legge , 1
howlets , 1
charme , 4
powrefull , 1
hellbroth , 1
toyle , 2
dragon , 1
mummey , 1
maw , 1
gulfe , 1
rauind , 1
salt , 1
sharke , 1
hemlocke , 1
diggd , 1
liuer , 1
blaspheming , 1
iew , 1
goate , 1
slippes , 1
yew , 1
sliuerd , 1
moones , 1
ecclipse , 1
nose , 1
turke , 1
tartars , 1
birthstrangled , 1
ditchdeliuerd , 1
drab , 1
grewell , 1
thicke , 1
slab , 1
adde , 2
thereto , 1
tigers , 1
chawdron , 1
cawdron , 1
coole , 2
baboones , 1
share , 1
gaines , 1
elues , 1
fairies , 1
inchanting , 1
blacke , 4
pricking , 1
thumbes , 1
knockes , 1
secret , 2
midnight , 1
hags , 1
coniure , 1
professe , 1
vntye , 1
windes , 1
churches , 1
yesty , 1
waues , 1
confound , 2
swallow , 1
nauigation , 1
bladed , 1
corne , 1
blown , 1
castles , 3
topple , 1
warders , 1
heads , 2
pallaces , 1
pyramids , 1
slope , 1
foundations , 1
treasure , 1
germaine , 1
tumble , 1
altogether , 1
sicken , 2
aske , 1
demand , 1
thhadst , 1
mouthes , 1
sowes , 1
farrow , 1
greaze , 1
sweaten , 1
murderers , 1
gibbet , 1
flame , 1
low , 1
deaftly , 1
apparation , 2
armed , 1
vnknowne , 2
knowes , 7
speech , 4
nought , 1
appar , 4
beware , 2
dismisse , 1
descends , 2
harpd , 1
aright , 1
commanded , 1
potent , 1
apparition , 1
childe , 4
eares , 2
ild , 1
resolute , 1
woman , 10
assurance , 1
palehearted , 1
lies , 2
crowned , 1
tree , 3
rises , 1
weares , 1
babybrow , 1
top , 2
listen , 1
metled , 1
chafes , 1
frets , 2
conspirers , 1
vanquishd , 1
vntill , 1
byrnam , 1
dunsmane , 1
hill , 2
descend , 1
impresse , 2
forrest , 2
earthbound , 1
boadments , 1
byrnan , 2
lease , 1
hart , 4
throbs , 1
reigne , 2
kingdome , 1
satisfied , 1
deny , 2
curse , 2
sinkes , 2
noise , 2
shadowes , 1
depart , 1
eight , 1
glasse , 2
down , 1
seare , 2
eyebals , 1
haire , 2
goldboundbrow , 1
third , 1
filthy , 1
hagges , 1
fourth , 1
stretch , 1
cracke , 1
doome , 1
seauenth , 1
eighth , 1
appeares , 1
shewes , 1
twofold , 1
balles , 1
trebble , 1
scepters , 1
bloodbolterd , 1
points , 1
amazedly , 1
delights , 1
antique , 1
kindly , 1
dance , 1
pernitious , 1
aye , 1
accursed , 2
kalender , 1
infected , 2
whereon , 1
damnd , 3
gallopping , 1
anticipatst , 1
dread , 1
exploits , 1
flighty , 1
oretooke , 1
vnlesse , 1
firstlings , 2
crown , 1
acts , 1
thoght , 1
surprize , 1
edge , 2
babes , 3
vnfortunate , 1
trace , 1
boasting , 1
foole , 3
macduffes , 1
son , 16
fly , 2
madam , 1
madnesse , 1
actions , 1
traitors , 3
wisedom , 1
mansion , 1
titles , 1
wren , 1
diminitiue , 1
birds , 3
ones , 3
nest , 1
runnes , 1
deerest , 1
cooz , 1
iudicious , 1
fits , 1
rumor , 1
floate , 1
long , 3
cease , 1
climbe , 1
vpward , 1
pretty , 3
cosine , 1
fatherd , 1
fatherlesse , 1
longer , 2
sirra , 1
mother , 5
wormes , 1
flyes , 1
thoudst , 1
net , 1
lime , 1
pitfall , 1
gin , 1
saying , 1
wilt , 2
nay , 2
buy , 1
market , 1
sell , 1
speakst , 3
wit , 2
ifaith , 1
traitor , 4
sweares , 1
swear , 1
liars , 1
swearers , 2
fools , 1
lyars , 1
beate , 2
monkie , 1
yould , 1
weepe , 2
signe , 1
quickely , 1
pratler , 1
talkst , 1
mes , 4
dame , 1
doubt , 4
neerely , 1
homely , 1
fright , 1
thinkes , 1
sauage , 1
cruelty , 1
nie , 1
preserue , 1
earthly , 1
laudable , 1
accounted , 1
dangerous , 1
womanly , 1
vnsanctified , 1
hes , 2
shaggeeard , 1
villaine , 4
egge , 1
fry , 1
treachery , 1
run , 1
crying , 1
desolate , 1
shade , 1
sad , 1
empty , 1
fast , 3
bestride , 1
downfall , 1
birthdome , 1
morne , 1
widdowes , 1
howle , 1
orphans , 1
sorowes , 1
resounds , 1
felt , 1
yelld , 1
syllable , 2
dolour , 1
waile , 1
redresse , 1
wil , 1
perchance , 2
sole , 1
blisters , 1
loud , 1
touchd , 1
discerne , 1
offer , 2
lambe , 2
appease , 1
angry , 1
treacherous , 1
vertuous , 1
recoyle , 2
craue , 1
transpose , 1
brightest , 1
wear , 2
brows , 1
rawnesse , 1
precious , 2
motiues , 1
knots , 1
iealousies , 1
dishonors , 1
safeties , 1
rightly , 1
tyrrany , 1
basis , 1
goodnesse , 2
check , 1
y , 2
wrongs , 1
far , 1
thinkst , 1
space , 1
graspe , 1
rich , 1
east , 1
boot , 1
offended , 1
beneath , 1
yoake , 1
weepes , 1
bleeds , 1
gash , 1
added , 1
vplifted , 1
goodly , 1
thousands , 1
treade , 1
vices , 1
succeede , 1
particulars , 1
vice , 1
grafted , 1
opend , 1
pure , 1
snow , 1
compard , 1
confinelesse , 1
legions , 1
euils , 2
grant , 1
luxurious , 1
auaricious , 1
deceitfull , 1
sodaine , 1
malicious , 1
smacking , 1
bottome , 1
voluptuousnesse , 1
wiues , 1
daughters , 1
matrons , 1
maides , 1
cesterne , 1
lust , 2
continent , 1
impediments , 1
orebeare , 1
oppose , 1
boundlesse , 1
intemperance , 1
tyranny , 2
vntimely , 2
emptying , 1
conuey , 1
pleasures , 1
spacious , 1
plenty , 1
hoodwinke , 1
willing , 1
dames , 1
vulture , 1
deuoure , 1
dedicate , 1
finding , 1
inclinde , 1
illcomposd , 1
affection , 1
stanchlesse , 1
auarice , 2
nobles , 1
lands , 1
iewels , 1
morehauing , 1
hunger , 1
forge , 1
quarrels , 1
vniust , 1
destroying , 1
wealth , 1
stickes , 1
deeper , 1
pernicious , 1
summerseeming , 1
foysons , 1
portable , 1
kingbecoming , 1
verity , 1
temprance , 1
stablenesse , 1
bounty , 1
perseuerance , 1
mercy , 1
lowlinesse , 1
deuotion , 1
fortitude , 1
rellish , 1
abound , 1
diuision , 1
seuerall , 2
crime , 1
acting , 1
poure , 2
concord , 1
vprore , 1
vniuersall , 1
vnity , 1
gouerne , 1
gouern , 1
nation , 1
miserable , 1
vntitled , 1
sceptred , 1
wholsome , 1
truest , 1
interdiction , 1
accust , 1
blaspheme , 1
saintedking , 1
queene , 3
bore , 1
oftner , 1
knees , 1
feet , 2
fare , 2
repeatst , 1
banishd , 1
brest , 2
integrity , 1
wipd , 1
reconcild , 1
diuellish , 1
traines , 1
sought , 1
win , 1
modest , 1
pluckes , 1
ouercredulous , 1
deale , 1
vnspeake , 1
detraction , 1
abiure , 1
taints , 1
blames , 1
laide , 1
strangers , 2
forsworne , 1
scarsely , 1
coueted , 1
betray , 1
speaking , 1
truly , 2
setting , 2
foorth , 2
warranted , 1
quarrell , 1
silent , 1
vnwelcom , 1
reconcile , 1
doctor , 8
doct , 20
crew , 1
wretched , 2
cure , 3
malady , 1
conuinces , 1
assay , 1
sanctity , 1
presently , 1
amend , 1
disease , 3
euill , 1
myraculous , 1
remaine , 1
solicites , 1
visited , 1
swolne , 1
vlcerous , 1
dispaire , 2
surgery , 1
cures , 1
hanging , 1
stampe , 1
neckes , 1
royalty , 1
healing , 1
benediction , 1
vertue , 1
heauenly , 1
guift , 1
prophesie , 1
blessings , 1
countryman , 1
cozen , 1
remoue , 3
countrey , 1
affraid , 3
smile , 2
sighes , 1
groanes , 1
shrieks , 1
rent , 1
moderne , 1
deadmans , 1
scarse , 1
expire , 1
flowers , 1
caps , 1
dying , 1
relation , 1
nice , 1
griefe , 3
age , 1
hisse , 1
speaker , 1
teemes , 1
batterd , 1
niggard , 1
gost , 1
transport , 1
tydings , 1
heauily , 1
ran , 1
rumour , 1
witnest , 1
afoot , 1
create , 1
soldiours , 1
doffe , 1
dire , 1
distresses , 1
beet , 1
lent , 1
older , 1
christendome , 1
howld , 1
desert , 1
latch , 1
concerne , 1
feegriefe , 1
shares , 1
maine , 2
pertaines , 1
dispise , 1
possesse , 1
heauiest , 1
humh , 1
guesse , 1
surprizd , 1
sauagely , 1
slaughterd , 1
relate , 2
manner , 1
nere , 2
pull , 2
hat , 1
browes , 1
whispers , 1
orefraught , 1
bids , 1
ro , 1
kild , 1
comforted , 1
medcines , 1
deadly , 1
greefe , 1
hellkite , 1
chickens , 1
damme , 1
swoope , 1
dispute , 1
also , 1
sinfull , 1
strooke , 1
naught , 1
demerits , 1
slaughter , 1
whetstone , 1
conuert , 1
anger , 1
blunt , 1
enrage , 1
braggart , 1
short , 1
intermission , 1
front , 3
fiend , 2
swords , 2
length , 1
scape , 1
forgiue , 2
ripe , 1
shaking , 1
powres , 1
quintus , 1
physicke , 2
wayting , 1
gentlewoman , 1
watchd , 1
perceiue , 1
shee , 2
gent , 11
field , 2
nightgown , 1
vppon , 1
vnlocke , 1
closset , 1
paper , 1
folde , 1
write , 1
read , 1
afterwards , 1
seale , 1
perturbation , 1
receyue , 1
benefit , 1
effects , 1
watching , 1
slumbry , 1
agitation , 1
walking , 2
actuall , 1
performances , 1
neither , 1
confirme , 1
taper , 1
lo , 1
guise , 1
obserue , 1
continually , 1
sense , 1
rubbes , 1
accustomd , 1
action , 1
washing , 1
quarter , 1
lad , 3
spot , 2
heark , 1
speaks , 1
satisfie , 1
strongly , 2
doot , 2
murky , 1
fye , 1
accompt , 1
olde , 1
othat , 2
marre , 1
starting , 1
smell , 1
perfumes , 1
arabia , 1
sweeten , 1
sigh , 1
sorely , 1
chargd , 2
dignity , 1
practise , 1
walkt , 1
dyed , 1
beds , 1
buried , 1
ons , 1
directly , 1
whisprings , 1
abroad , 2
troubles , 2
deafe , 1
discharge , 1
secrets , 1
needs , 1
diuine , 1
physitian , 1
annoyance , 1
mated , 1
menteth , 2
cathnes , 2
soldiers , 5
ment , 5
malcolm , 2
vnkle , 2
reuenges , 1
grim , 1
alarme , 1
excite , 1
mortified , 1
cath , 3
brother , 1
gentry , 1
seywards , 2
vnruffe , 1
youths , 1
dunsinane , 8
fortifies , 1
fury , 2
buckle , 1
distemperd , 1
belt , 1
rule , 1
minutely , 1
reuolts , 1
vpbraid , 1
faithbreach , 1
commands , 1
giants , 1
robe , 1
dwarfish , 1
theefe , 1
pesterd , 1
senses , 1
condemne , 1
march , 2
medcine , 1
purge , 2
dew , 1
weeds , 1
birnan , 1
marching , 3
reports , 1
byrnane , 4
taint , 1
consequences , 1
pronouncd , 1
epicures , 1
sagge , 1
damne , 1
creamfacd , 1
loone , 1
gotst , 1
gooselooke , 1
ser , 3
geese , 1
souldiers , 3
ouerred , 1
lillyliuerd , 1
patch , 1
linnen , 1
counsailers , 1
whayface , 1
force , 1
seyton , 6
sick , 1
diseate , 1
falne , 1
yellow , 1
accompany , 1
oldage , 1
troopes , 1
steed , 1
curses , 1
lowd , 1
mouthhonor , 1
faine , 1
sey , 13
confirmd , 2
reported , 1
flesh , 1
hackt , 1
armor , 2
seyt , 1
needed , 1
moe , 1
skirre , 1
talke , 1
patient , 2
sicke , 1
thickecomming , 1
minister , 2
diseasd , 1
plucke , 1
memory , 1
rooted , 1
raze , 1
written , 1
obliuious , 1
antidote , 1
cleanse , 1
stufft , 1
perillous , 1
weighes , 1
therein , 1
dogs , 1
armour , 1
staffe , 1
pristine , 1
eccho , 1
pullt , 1
rubarb , 1
cyme , 1
purgatiue , 1
drugge , 1
scowre , 1
hearst , 1
bane , 1
birnane , 2
profit , 1
hardly , 1
cosins , 1
chambers , 1
seyw , 1
hew , 1
bough , 1
beart , 1
thereby , 1
hoast , 1
discouery , 1
erre , 1
syw , 1
learne , 1
confident , 1
indure , 1
befort , 1
aduantage , 1
constrained , 1
absent , 1
censures , 1
euent , 1
industrious , 1
souldiership , 1
approaches , 1
decision , 1
speculatiue , 1
vnsure , 1
arbitrate , 1
aduance , 1
outward , 1
walls , 1
siedge , 1
famine , 2
ague , 1
forcd , 1
darefull , 1
beard , 2
backward , 1
forgot , 1
taste , 1
coold , 1
nightshrieke , 1
treatise , 1
rowze , 1
int , 1
horrors , 1
direnesse , 1
familiar , 1
slaughterous , 1
heereafter , 1
creepes , 1
petty , 1
recorded , 1
yesterdayes , 1
dusty , 1
breefe , 1
candle , 1
player , 1
struts , 1
ideot , 1
signifying , 1
comst , 1
lyar , 1
endure , 1
wrath , 1
mouing , 1
groue , 1
next , 1
resolution , 1
equiuocation , 1
auouches , 1
appeare , 1
flying , 1
tarrying , 1
ginne , 1
aweary , 1
sun , 1
vndon , 1
harnesse , 1
army , 1
boughes , 1
leauy , 1
skreenes , 1
leade , 1
battell , 1
beaten , 1
trumpets , 1
speak , 1
clamorous , 1
harbingers , 1
alarums , 4
continued , 1
tied , 1
stake , 1
bearelike , 1
ysey , 4
thoult , 1
callst , 1
hoter , 1
names , 1
hatefull , 1
fearefull , 1
lyest , 1
abhorred , 1
proue , 1
weapons , 1
brandishd , 1
beest , 1
stroake , 1
childrens , 1
ghosts , 1
hyrd , 1
staues , 1
either , 1
vnbattered , 1
sheath , 1
vndeeded , 1
shouldst , 1
clatter , 1
bruited , 1
gently , 1
rendred , 1
brauely , 1
professes , 1
roman , 1
hellhound , 1
auoyded , 1
voice , 1
bloodier , 1
tearmes , 1
loosest , 1
intrenchant , 1
vulnerable , 1
crests , 1
serud , 1
mothers , 1
womb , 1
ript , 1
tels , 1
cowd , 1
iugling , 1
fiends , 1
beleeud , 1
palter , 1
sence , 1
gaze , 1
rarer , 1
monsters , 1
pole , 1
vnderwrit , 1
malcolmes , 1
baited , 1
rabbles , 1
opposd , 1
try , 1
shield , 1
fighting , 2
retreat , 1
arriud , 1
cheapely , 1
missing , 1
paid , 2
debt , 1
prowesse , 1
vnshrinking , 1
measurd , 1
hurts , 1
soldier , 1
haires , 1
fairer , 1
knolld , 1
parted , 1
score , 1
newer , 1
vsurpers , 1
compast , 1
pearle , 1
salutation , 1
minds , 1
voyces , 1
alowd , 1
expence , 1
reckon , 1
henceforth , 1
earles , 1
planted , 1
newly , 1
calling , 1
exild , 1
snares , 1
watchfull , 1
producing , 1
butcher , 1
fiendlike , 1
finis , 1
