Word , Count 
,2073
prepare,2
Rat,3
spoke,2
Memory,1
Conuersation,1
primall,1
pittie,2
reeles,1
Theft,1
Sphere,1
iuyce,1
childe,1
would,56
don'd,1
Starre,4
legs,1
mind;,1
warrant,4
Beautie,4
Aduice,1
sonne:,1
ten,3
vses,3
hoopes,1
Arrow,1
blasts,1
Tetter,1
solid,1
tyrannous,1
competent,1
heares,2
stirre,3
Steele,1
custome,4
Comrade,1
th',25
Dies,1
Diet,1
basenesse,1
motiue,1
left,3
North-West:,1
prophesie,1
Iemme,1
therfore,1
iocond,1
Minerall,1
A,62
hang,3
infinite,3
I,547
Treason,5
Frenchman,1
K,1
O,33
minds,2
Night;,1
impresse,1
opposition,1
flie,1
dish:,1
same,13
Sute,1
businesse,8
stirring,1
after,10
quiet,5
gleane,1
obseruant,1
hand,18
downe;,1
a,435
minde,8
Center,1
salt,3
felicitie,1
rabble,1
Lethe,1
Supper,2
Nights,1
accurst,1
Giuing,2
Ist,1
weeping,1
blood,10
remembred,1
downe:,1
o,5
Marry,9
the,860
straight,2
halt,1
Act,5
Adieu,1
throw,4
vpon't:,1
y,1
mine;,1
thank,1
attended;,1
eies,1
can'st,1
violent,4
back'd,1
Writers,1
thy,83
Rew,2
Scull,6
confront,1
good,73
Malefactions,1
sustaine,1
in't:,2
wheele,3
in't;,2
Ayre,7
til,1
Light,1
houer,1
serious,1
Mettle,2
sourse,1
auoid,1
others,3
laugh,6
tis,1
tush,1
making,2
mortiz'd,1
Seal'd,2
resolue,1
Vnction,2
Yaughan,1
Sinne,1
walkes,1
gone,12
sleepes,3
Polonius,20
familiar;,1
likenesse,1
iust,3
Carpenter,2
cheff,1
wilde;,1
beshrew,1
boorded,1
and't,1
Hercules,3
healthfull,1
link'd,1
earth;,1
anticipation,1
hard,2
lend,4
Age,6
to't,1
Suites,1
creepe,1
worser,1
ask't,1
requite,1
better,14
Answere,1
ha't:,1
neuer,17
speakes:,1
well,51
pleas'd,2
sleepe;,2
Fore,2
Tables;,2
breadth,1
pile,1
walke,9
Dogge,1
'twere,6
deerely,1
sate,3
witching,1
incensed,1
fearing,1
Sword,9
vnforc'd,1
struck,1
Diuinity,2
hate,1
Vowes,1
vnhappily,1
hath,49
warm'd;,1
gaine,1
order,3
pratlings,1
conceit,2
Circumstances,1
went,5
t'would,1
distant,1
hast,26
Clownes,2
gore,1
Lucianus,2
propose,1
co-mingled,1
maruellous,1
bringing,1
fayl'd,1
fearfull,1
sorrie,2
spots,1
Merriment,1
'Twill,1
sledded,1
homage,1
cautell,1
frown'd,1
Corruption,1
Spirits,2
Birch,1
woman,6
coated,1
dearly;,1
rots,1
Ignorance,1
pins,1
toe,2
What's,5
matter,22
Selfe-slaughter,1
sauagenes,1
Sister's,1
Comma,1
Scourge,1
top,7
too,48
Face:,1
venome,1
orderly,1
tythe,1
vnmannerly,1
Euen,7
noise,4
wombe,1
Tropically:,1
toy,2
gaming,3
famous,1
question,9
look'd,2
spirit,3
Neighbor,1
Braines,3
Birds,1
saue,3
Offall,1
warmes,1
picture,1
Layes,1
Drab,1
Fates,1
walkt,1
Postscript,1
Mountebanke,1
Scullion,1
regard,1
Thereto,1
haue,158
Theme,1
rose,1
Wharfe,1
Very,5
She's,1
thousand,8
plaist'ring,1
infect,1
All,14
blason,1
serues,2
thether,1
Angell,2
Dirt,1
defeate,1
Spirit:,1
lets,3
Spheres,1
graces,1
bosome:,1
pray,20
Crow-flowers,1
successiue,1
Amb,1
indiuidible:,1
Deuis'd,1
vnpacke,1
grisly,1
quite,3
time:,1
Angels,3
Sword:,1
Faces,1
Ladies:,2
law,2
Orbe,1
Vnkle,3
lay,6
hatch,1
lest,1
pardon,5
pernicious,1
owne,30
length;,1
Ceremony,1
Pastoricall-Comicall-Historicall-Pastorall:,1
welcom,1
grace;,1
defeats,1
And,257
were,24
aduise,1
Ros,2
desirous,1
Dicers,1
sworn't,1
try,4
platforme,1
sworne,1
became,1
fatted,1
exterior,1
censure,2
greatnesse,1
fierie,1
vnseene,3
seene:,2
holie,1
Function,1
times,6
Paiocke,1
presures,1
deerest,1
heare:,1
disioynt,1
swathing,1
partiall,1
Tragicall-Comicall-Historicall-Pastorall:,1
generous,3
Shouell,1
Whirle-winde,1
That,114
that:,3
wounded,1
Glow-worme,1
whence,1
affrighted,1
should'st,2
aloofe:,1
do'st,1
Their,2
cry,2
bruite,2
Thaw,1
faith:,1
translate;,1
heard:,1
Fellow,3
Cuffes,1
howsoeuer,1
Ape,2
Gentlewoman,1
defectiue,1
spoken,2
Arras,3
sport,1
rowe,1
caught,3
Seat,1
prey,1
Seas,2
Hurts,1
trippingly,1
supply,1
Buriall,2
Portraiture,1
Matter,1
Affection;,1
Denmarkes,1
pith,2
let,55
Then,33
Soueraignty,1
state,4
workes,1
destroy:,2
Head,4
Smoothnesse,1
dilated,1
worke:,1
pace,2
night,25
bloodie,1
exclaim,1
opposite,1
Comes,1
Illium,1
each,8
Hee's,1
Blasting,1
Are,10
powres,1
World's,1
thirty,1
cup,1
intreate,1
warrantie,1
Art,8
cut,1
Sect,1
entertainment,3
document,1
Beene,1
fellow:,1
dread,4
two,20
suffred,1
Denmarke;,1
moment,2
clay,1
shoue,1
Denmarke:,1
drossie,1
does,16
humour,1
pittifull,1
show:,1
Valentine,1
appurtenance,1
show;,1
shout,1
Nature,14
inclination,2
Haply,1
think,3
Against,3
Doomesday:,1
Norman,3
clad,1
flye,4
Phoebus,1
Affection,1
Wee'l,6
dig'd;,1
desires,2
Run,1
noyance:,1
Friends:,2
beating;,1
buzze,1
They,18
doe:,1
Come:,1
speech,12
watch,6
Statutes,1
Patientlie,1
quit,2
moode,1
pluck,1
thing,23
fashion,6
thine,12
demanded,1
Tongue,1
Graue-makers;,1
Morning,1
Gardiners,1
Companies,1
Know,1
tedious,2
lie,1
auoyd,2
thewes,1
Court,2
Taint,1
seriuce:,1
There,13
dying,1
smelt,1
themselues,5
Fortin,1
stuffe;,1
smels,1
they'l,2
This,44
Currants,1
pompe,1
Riuer,1
Loggets,1
suites,1
Creation,1
weepes,1
moneths,2
doubt,6
merit,2
vertuous,1
another:,2
Calues,1
perswade,1
thumbe,1
Pluckes,1
These,10
opposites,1
iawes,1
Region,2
Memorie,2
steepe,1
Puzels,1
assume,2
whereof,1
Farwell,1
desire:,1
full,9
Sables,1
mellow,1
Italian,1
memory,6
away,19
blister,1
immortall,1
Bride-bed,1
Starres,3
house,3
Dignity,1
Feathers,1
currants,1
home:,1
Childe,1
bellow,1
stirr'd,1
witchcraft,2
Others,1
anon,1
opposing,1
'Tis,26
Happy,1
fantasticke,1
start,3
churlish,1
Purpose,1
Venome,1
anothers,1
houre,5
th'art,1
Hecticke,1
Axe,2
Dreame;,1
tenders,3
Pastorall:,1
dishonour,2
short,5
thereabout,1
Fortune,8
euidence,1
falles,3
imitated,1
fencing,1
blastments,1
shew'd,1
Lecture,1
Come,33
Amber,1
Magicke,1
Church:,1
extant,1
Aye,1
Conference,1
three,9
vnpregnant,1
hearer:,1
comes:,2
Gracious,1
Sextons,1
solemne,2
golden,1
Chaplesse,1
Wife,1
season,4
enter,3
pale,5
batten,1
groaning,1
Marriages,1
bloud,2
open'd,1
a-crosse,1
wretch,3
vnlimited,1
Lier,1
Scoena,1
Calfe,1
Miching,1
King:,3
Geulles,1
Scoene,2
Damnation:,1
Dane,4
Mason,2
Verie,3
Tellus,1
Finding,1
Life,2
performe;,1
thirties,1
pitty,1
Iuggel'd,1
Hamlet,94
Barke,1
loe,1
whereon,2
Yong,2
Could,5
paule,1
Oathes,1
ore-teamed,1
Beasts,2
Reuennew,1
Loines,1
Iudge,1
sement,1
lot,1
keene,2
imagine-,1
low,1
throwne,1
grasse,1
gracious,4
manners,1
tristfull,1
Thou,14
truth;,1
meant,4
disclos'd,1
whipping:,1
Priest,3
rusty,1
prythee,4
meane,11
Hearke,1
somthing,1
halfe,4
annexment,1
fellow,5
fetch,2
colour;,1
Greefe,3
traile,1
poysons,1
Marriage;,1
Vnto,3
None,3
Hell,8
Oare,1
commanded,1
extremity:,1
needfull,2
Spokes,1
tell,39
possession,1
Churchyards,1
husband,1
tels,1
proclaime,1
pittied,1
Prince,3
Like,7
keepe,15
denote,1
out-liue,1
celebrated,1
Rossius,1
goodnight,5
wonderfull,2
Yours,1
day,18
Lords,5
Coach:,1
Core,1
drinking,1
Making,1
harrow,1
Lord;,4
o're-heare,1
Lord:,4
Queen,8
minutes,1
aduice,2
vnfortified,1
summe,1
Seemes,2
Conception,1
Youth,2
particular,4
Vncle,3
liued;,1
done,20
water,5
pause,3
Trumpets,2
S[aint],2
annoint,1
intreaty,1
Sprindge,1
Sconce,1
Masse,2
Fruites,1
sparke,1
Resolution,1
Tutor,1
ease,4
Fallies,1
Oath,1
Cuplet,1
part,16
grinding,1
Saw,1
fooles,2
Say,8
daughter:,2
radiant,1
Kings,8
this;,1
Tempt,1
this:,5
Villany,1
dore,1
tend,4
guarded,1
declining,1
Is't,1
hearers,2
Nose,1
Baudry,1
Horatio,38
Wherefore,1
Will,18
thither,2
eare,15
whereto,3
Cerimony,2
glassie,1
frankely,2
slaine,5
sodainely,1
ordinate;,1
built,1
Drum,1
fellowship,1
Ban,1
Bap,3
Bar,7
Bat,1
third,3
confession,2
pettie,1
vaine,1
further,12
Nemian,1
fitting,1
demands,2
sweepe,1
vowes;,1
Wine,1
Heart,4
dearest,1
bodie:,1
vowes:,1
finde,13
dost,7
contracted,1
smiles,1
graue,4
fiery,2
pale:,1
Much,1
Ielly,1
sheene,1
behinde,3
ambiguous,1
That's,6
worth;,1
doth,23
path,1
th'Hyrcanian,1
wisedome,4
crack,1
finds,1
Thus,8
bounds:,1
seruice,4
Button,1
Historie,1
pate,2
dew,2
beautifed,1
adulterate,1
Inuite,1
Day:,1
Officers,2
eate,2
carefully,1
going,2
effects:,1
past,4
Angel,1
mourning,1
Rim'd,1
nonce;,1
strew,1
assignes,1
whose,19
Sea,5
Secunda,2
buyer,1
Line,1
Heare,1
See,4
Here,2
Spleenatiue,1
eats,1
Note,1
Sallets,1
indirections,1
bethought:,1
Ladies,2
Offices:,1
Ser,1
Set,2
bodies,3
Cutpurse,1
Lapwing,1
drag'd,1
scandall,1
Precepts,2
iest,2
Heart;,1
espials,1
bowts,1
adoption,1
damn'd,5
wrong'd,2
ayrie,1
Season,2
Briefe,1
Hazard,1
Y'are,1
Bed,2
mine,40
behoue,1
mind,1
Bee,1
foote,3
Woodcocke,1
right,9
possible,3
conueniently,1
stealing,1
Riotous,1
Priam,4
Norwey,4
touches,1
Sallery,1
obsequious,1
Woodcocks,1
a-sleepe,1
Breake,3
retrograde,1
stage,1
horrible:,1
Storie,1
lye,7
Your,20
waites,1
conuerse;,1
inch,1
Hawke,1
Handsaw,1
assur'd,2
did,49
die,2
Houres,1
deere,17
voyce:,1
conceald,1
Iudges,1
stately:,1
faculty,2
Confines,1
She,9
wretched,4
habit,1
perform'd,1
affaires,1
appear'd,3
vbique,1
bird,1
Happily,1
forgotten,1
Confusion:,1
List,2
grosse,2
stubborne,1
seated,1
amisse,1
greeue,1
seasons,1
suiting,1
Mildew'd,1
bray,1
Phrase,4
Rouce,1
hideous,1
Fire:,1
feast,1
parching,1
Brooke,2
o'retooke,1
month,1
mowes,1
remaines,3
Sir,40
Dar'd,1
truant,1
Sit,1
distract,1
occasion,1
rather,4
Capitol:,1
worthy,1
back,1
Lady,9
With,42
alwayes,2
delights,3
pound,1
strew'd,1
load,1
ther's,1
Morne,2
mad;,1
mad:,1
company,1
Voltemand,3
Children,3
Bid,1
Million,1
applaud,1
Steward,1
Appeares,1
'Gainst,1
Withdraw,1
ayres,1
length,3
Fennell,1
grand,1
Wise,1
vnsmirched,1
Maids,3
tragedie,1
coniectures,1
Condolement,1
sokes,1
interpret,1
feare,15
blankes,1
Clowds,1
blanket,1
Letcherous,1
grant,1
Racke,1
horrors:,1
Comedie,2
Plautus,1
coniunctiue,1
fore-stalled,1
do:,3
stale,1
Sonnes,2
watcht,1
know:,2
whereat,1
Sonnet,1
goodly,3
Lawyer,1
Primus,1
fear,1
Hearsed,1
heeles,4
vp-hoorded,1
Laer,60
made,29
lispe,1
Seale,1
Foyles:,1
sense,2
Beauties,1
being,9
palme,1
deeme,1
Yases,1
knowe,1
certaintie,1
Mutes,2
Motiue,3
Reynol,13
Animals;,1
beleeue;,1
calmes,1
qualifies,1
Nunnerie,1
bleede,1
shold,1
Sicknesse,1
curse,1
Farewell:,3
doe,42
Sonne;,1
Recognizances,1
fool:,1
skin,1
deepe,3
bespeake,1
Tragicall-Historicall:,1
Obiects,1
Writ,2
mad,15
known,1
loued,3
poure,1
blackest,1
beleeued,1
fee;,1
Soueraigne,3
man,40
stand,11
leisure,1
twenty,2
space;,1
Purse,1
loue:,2
may,56
insinuation,1
forward,1
Iustice,1
Adams,1
noyse,2
lacks,1
Roman,1
blest,2
foole,4
driues,1
parley,1
yesty,1
Gramercy,1
lacke,4
Modestie,1
woe:,1
warlike,3
Pastors,1
vngorg'd,1
driuen,1
Organ,1
reforme,1
Goblins,1
Snow,4
bait,1
plac'd,1
Battalians,1
Abridgements,1
sweete,1
Trade,2
soultry,2
o'reway,1
lungs,1
reueng'd,2
residence,1
Here's,2
terrible,1
Eares,1
likes,3
cries,4
like:,2
waste,2
Addition,1
me;,9
me:,9
Heathen,1
bearing,1
loues,3
Walkes,1
Rascall,1
dry,2
pressure,1
Bow,2
Recoueries,1
Boy,1
brood,1
becomes,1
Brooch,1
Winds,1
feed,3
staid,3
woer,1
directions,1
Arme,2
stiffely,1
ne're,1
euerie,1
Obey,1
Wall,1
Spade,2
Drugges,1
Quietus,1
Winde,2
plentifull,1
Prouidence,1
mee,7
aduenturous,1
blurres,1
louing,3
Polititian,1
breath,13
Ingenious,1
Directly,1
Bubbles,1
Clowne,3
Pride,1
consonancy,1
compos'd,1
hither,8
men,8
threats,1
Ministers,1
clouts,1
necke,2
met,1
make,45
Sourse,1
Chronicles,1
wicked,5
opposed,1
rebuke,1
conceiue,1
pick'd,1
exactly,1
Mountaine,3
admittance,1
Heraldry,1
comming,4
Norway,4
Confine,1
plac't,1
due,1
winkes,1
lodge,1
grossely,1
mercy,3
Owner,1
dotes,1
Hebenon,1
dispriz'd,1
enters,1
heerein,4
about,16
wilfully,1
Volt,2
curd,1
sorrow,4
cure,1
History,1
danger,4
Must,5
crash,1
patch,1
coile,1
winch:,1
man;,1
man:,1
concernings,1
brow,3
contriuing,1
Earth;,1
Graue-making,1
Marriage,4
Thence,2
moderate,1
aboord:,1
peeuish,1
flourishes,1
Elsenour,1
Poesie,1
beaten,1
belieue,1
Sun,3
murdrous,1
Land,5
quality,1
sleepe,7
drowne,5
highest,1
Widdow,1
Mirrour,1
shuffling,2
sober,1
[The,1
mouth'd,1
Chace,1
Office,1
worlds,1
Vnckle,3
Aduancement,1
lone,1
March,3
long,13
Willes,1
sticke:,1
remember,6
fell,6
into,23
defie,1
fatnesse,1
scarsely,1
doe's,1
Maiden,2
bloudy:,1
dil'd,1
Distilment;,1
But,103
dirty,1
Heau'n,2
Capons,1
middle,2
though,16
for's,2
rais'd,1
wold,1
seeke,7
mans,5
stickes,1
vnrung,1
holde,1
many,15
Madnesse:,1
fauour,3
stay,7
Meanes,1
Reuenge,8
dye,5
enurn'd,1
brest:,1
impart,4
Reply,1
holds,4
last:,1
Rapiers,3
open,2
Hammes,1
lasts,1
behauiour,1
suffering,1
prankes,1
dumbe,6
lockt,1
affectation,1
Melancholly,2
Last,2
tread,1
Wash,1
Apparition,2
roughly,1
First,1
bare,2
fretfull,1
perdie,1
repell,1
beard,2
beare,12
Ore-beares,1
wont,3
William,1
conquest,1
look,5
Rome-,1
assurance,2
Kin,14
yawne,1
grounds,1
pestilent,2
scapes,1
needes,1
diseas'd,1
counterfet,1
Rouse,1
Pearle,1
locke,3
farewell,5
Trophies,1
appliance,1
Arrest,1
Prima,1
stooping,1
braz'd,1
knocke,1
proper,2
Circumstance,3
Time,6
beast,1
bitter,3
Whether,3
speed,4
Attendants,2
Honest,1
admit,1
orewhelm,1
auouch,1
common,8
King's,1
Maiesty,7
ouerlook'd,1
he's,4
Pul'd,1
Flourish,2
Shippe,1
stocke,1
Law;,1
Rites,2
chaste,1
pace;,1
Confession,1
whil'st,2
beats,1
boord,1
giuing,1
Neither,2
tan'd,1
ground:,3
Primy,1
Burning,1
Dogges,1
Till,10
Chappell,2
greefe,7
money,1
Armour,2
richer,1
Ioyntresse,1
knockt,1
Speech,3
step,2
aboue,4
mark,1
sinnewes,1
muddied,1
base,4
Fruite,1
beame,1
bounteous,1
refraine,1
booke,1
Beware,1
iustly,3
whole,8
fingers,2
coppied,1
Sindging,1
lost,6
too't,5
for't:,2
Akers,1
trifling,1
bedded,1
rul'd,2
Hoby-horse,1
Trumpet,4
venom'd,1
Deske,1
still,12
Vertue,11
worm,1
Complie,1
work,1
Soop-stake,1
lose,4
Churches,1
wot:,1
peace-parted,1
Hymen,1
Challice,1
buried:,1
Gertrude:,2
toward,4
left:,1
knowing,1
Willow,1
Ardure,1
gorge,1
sence,2
wore,1
word,8
slaue,3
blench,1
gender,1
tongue,11
fortie,1
forehead,2
Roaming,1
secret,4
Birth,1
confin'd,1
throwing,1
againe;,2
againe:,3
Arraigne,1
peace:,2
halfepeny;,1
congregation,1
replication,1
loud,1
loue,43
repent,1
Thunder,2
Sings,1
perfections,1
sting,2
haste,2
promise-cramm'd,1
sends,3
hauiour,1
Cornelius,4
altogether,1
Marke,5
did'st,2
perceiued,1
duller,1
Ossa,1
Pledge,1
farwel,1
voice,1
faile;,1
promis'd,2
vnweeded,1
Element:,1
Giuen,1
Lamound,1
craft,2
Offenders,1
It's,1
Cause,1
Tree,1
Trick'd,1
Honourable,2
Rauen,1
sharpe,1
Tenures,1
lowd,1
Payes,1
Chanson,1
peruse,1
talke,2
milche,1
mining,1
Resolutes,1
Remembrances,1
seeme,8
Greekes,1
vnskilfull,1
estimation,1
Can,2
Cap,3
shipped,1
Cat,1
Vnhand,1
Stoopes,1
Giues,3
prettinesse,1
Argument,2
enterprizes,1
clouds,2
elder,1
estate:,1
seene,18
enmity,1
Wife;,1
knotty,1
Lions,1
spend,1
Cataplasme,1
extinct,1
Since,6
benetted,1
dyed,2
Enemies:,1
anticke,1
heartily,2
a'th',2
daintier,1
Complexion,2
wheaten,1
Summons,1
command,6
Deliberate,1
Crowners,1
Lazar-like,1
pitteous,1
variable,2
Newtrall,1
greene,1
behauior,1
seduce,1
exception,1
Cicatrice,1
hands,9
liberall,3
desperate,5
allowed,2
Heart-ake,1
Inheritance,1
faire,18
Seale:,1
bloudie,1
Politician,1
Th',8
vnholy,1
Resembles,1
Obserue,2
because,1
silence,5
Lunacie,1
spight,1
pitious,1
Secrecie,1
Gallant,1
timbred,1
Exchange,1
ragges,1
Sheep-skinnes,1
stop,2
Where,22
God-a-mercy,1
iudgement:,1
beware,1
sonne,1
vngracious,1
Houses,1
Meet,1
Hypocrites,1
Ah,2
speakes,2
least,2
Obseruers,1
deepely,1
immediately,1
Al,1
Am,2
returne,5
sayes:,1
An,5
Machine,1
twaine,2
Beer,1
The,132
As,63
At,12
coniure,1
Sprinkle,1
Proclaimes,1
Quillets,1
outragious,1
vnhatch't,1
Alarum,1
Sundaies:,1
accidentall,1
Takes,1
Buzzers,1
brands,1
Be,16
Thy,7
slay,1
stung,1
Taken,1
Functions,1
neck,1
Soft,3
Audit,1
sworne:,1
newes,4
sayest,1
By,15
Visitation,2
Beards;,1
iudgements,2
knaue,4
Normandy,1
sweet,19
Tis,4
Take,10
Soldiers,3
notes,1
Greefes:,1
Conscience;,1
eager,1
vulgar:,1
Vntill,1
faine,3
betime,1
spring,1
afarre,1
remedie,1
female,1
Iigge-maker:,1
Imperiall,1
surrender,1
had'st,1
need,1
meaning:,1
wrote,2
often,2
blazes,1
gather,3
Do,19
els,2
doest,1
Worse,1
Ratifiers,1
Little,1
loose,4
leaue,23
loathsome,1
crawling,1
hardly,1
thorny,1
lasting,2
rises,2
vp:,1
Swords:,1
perturbed,1
yeeld,1
kicke,1
liest,2
sleeping,3
censure;,1
Goodman,1
Seales,1
Signet,1
Mouth,1
end,16
Compact,1
lines,2
forty,1
Businesse,2
mistake,1
Tale,3
panders,1
vnion,1
Fellowship,1
rich,2
damne,1
Himselfe,1
praise,3
ouerthrowne,1
obseruance:,1
noted,1
assay:,1
ioyne,2
vouch,1
Mouse,2
Ignorance;,1
sweat,2
forgeries,1
pronounce,1
Wantonnesse,1
Hold,4
Sheepe,1
slightly,2
winking,1
springs,1
told,5
Caesar,2
Clo,29
Go,12
demy-Natur'd,1
Enuy,1
Musick,1
Rogue,2
hower,3
turne,4
Song,1
Ha,5
priuates,1
narrow,1
leasure,1
stubbornnesse,1
vs:,2
He,40
right:,1
right;,1
vs;,2
shape,6
Forrest,1
recouer,3
Ho,1
nay,1
Voyage,1
Student,1
forth,4
quarry,1
ayde:,1
Drown'd,2
Some,3
ar't,1
Sergeant,1
Too,3
Bels,1
Madam,12
Vnlesse,1
Gifts,2
dar'st,1
Bell,2
If,47
euill,2
Exeunt,23
tong,1
Shardes,1
In,41
Bene,1
against,17
vse,12
chariest,1
Is,23
find'st,1
It,64
done:,1
Strengthen,1
vapours,1
too:,2
weake,2
browes,1
heate;,1
tormenting,1
does:,1
yours;,1
rights,1
yours:,1
ere,11
Mens,1
share,1
Alarme,1
obstinate,1
Fishmonger,1
Ministring,1
Vouchers,2
must:,1
new-borne,1
womens,1
Respeaking,1
Comerce,1
weighing,1
diddest,1
Musicke,7
follow'd,1
liu'st,1
Deuoutly,1
Lap,2
shortens,1
strongest,1
Hope,1
Confesse,1
flies,1
Law,4
shake,2
Lay,2
breakes,1
circumscrib'd,1
winnowed,1
consider'd,1
naked,2
Funerall,3
La,1
hallow'd,1
discouery,1
obseruance,1
Try,1
entrance,1
gouerne,1
nasty,1
Prompted,1
Wards,1
new,2
Player,3
below,2
musty,1
estate,1
FINIS,1
shall,103
Truly,1
more:,2
shalt,5
more;,1
top:,1
Hora,9
Sunday,1
e'ne,2
Me,1
Reuolution,1
shame,5
toyle,1
Sticke,1
name's,1
forgiuenesse,1
Thicke,1
Cry,1
My,67
Caines,1
O're,2
euermore,1
grunt,1
Voyce,1
Armours,1
deny'de,1
Rosincran,1
spies,1
whispers,1
define,1
dreame,3
march:,1
breake:,1
France,5
render,1
No,46
ee'n,3
Frends:,1
drawes,2
chopfalne,1
plots,2
seru'd,2
forme,8
Pelion,1
tride,1
calles,1
Of,34
Instrument,2
Oh,76
whisper,1
Let,39
ioyes,2
borrowing,1
Perhaps,1
braue,3
remainder,1
On,8
galls,1
wag'd,1
Or,30
ring,1
be-ratled,1
shift,1
stayes,1
Plum-Tree,1
Paddocke,1
Warre,1
Mischeefe,1
shoote,2
Vpon,13
where's,1
Cue,1
Impotent,1
Pe,1
prai'st,1
gins,1
builds,2
nere,1
Cum,1
Best,1
remorse,1
Had'st,1
shoulder,1
Cup,3
Paris;,1
imminent,1
Cut,1
withers,1
remain,1
patches,1
Ruine,1
amaze,1
a-downe,1
vttered;,1
Two,1
confound,1
argues,1
eye,12
entreatments,1
slow,2
Volume,1
Fran,8
Asse,3
recount,1
treble,1
rotten,2
flash,1
tryalls:,1
farre,12
Carowses,1
Queene,36
Qu,62
dream't,1
another,5
thou'lt,2
obeyes,1
Aygre,1
Harlot,1
Matine,1
T',1
gray,1
times:,1
ripe,1
Larded,2
Throate,2
vnyoake,1
Ro,1
affliction,2
Valiant,1
cheere,2
triumph,1
Reynoldo,4
wormes,1
wandring,1
stalkes,1
meerely,2
a-foot,1
builde,1
Byrlady,1
palpable,1
Tyrant,1
such,45
Se,1
remaine,1
Thankes,5
Danskers,1
expence:,1
Scoenes,1
absolute,1
Fire,1
chaunted,1
sweaty,1
So,44
neere,8
countenance,4
Saint,1
Other,12
presently,5
Conceit,3
dreadfull,3
erring,1
Commission,5
exployt,1
attractiue,1
envenom'd:,1
Delay,1
armes:,1
Violl,1
forgetting,1
heereafter,1
didst,1
Guil,10
sounded,1
white,3
would'st,3
Battery,1
Crownes,1
houses,1
royall,1
Denmark's,1
Moneth,1
Crowner,1
briefe,1
huge,1
Guard,2
To,109
Truth,1
seeming,3
let's,7
might,28
Sutes,1
leade,1
designe,1
Frost,1
lanke,1
Free,1
Awake,1
Gallowes,4
surmise,1
feele,1
O'remaster't,1
ignorance,1
leads,1
diuell,3
trifle,1
next,3
Beauty,1
giue,39
color,1
wringing,1
lyes,2
Tenants,1
sweare,2
Saile,1
non,1
sorrowes,1
perfume,1
weigh'd,2
nor,18
not,281
Siluer'd,1
Affaire,1
impartment,1
now,64
Flesh,2
Blacke,2
Vp,2
vacancie,1
Towring,1
wag,2
rite,1
poore,19
thoughts,15
election,3
Decayer,1
aloofe,1
knew'st,1
lawlesse,1
foredoes,1
Holding,1
was,73
grained,1
greet,1
Betweene,3
grew,1
seeing:,1
We,30
way,10
wax,1
necessaries,1
Thoughts,2
what,110
Quoth,1
breake,4
fortified,1
Within,5
Powers,2
rise,2
flame,2
Seruices,1
Proclaime,1
Repent,1
Weeds,1
beseech'd,1
play,15
fought,1
quickly,1
dipping,1
Seed:,1
out-stretcht,1
when,27
Orbed,1
cheefest,1
volly,1
Switzers,1
proclaim'd,1
possitiuely,1
stuck,1
deceiu'd,1
Potion:,1
fat,6
Olde,1
catch,2
prou'd,3
vnwholsome,1
Chowgh;,1
Daughters,1
pawse,1
Poem,1
pronounc'd,2
Loe,2
vnnerued,1
swear't,1
Bodie,1
depends,2
double,6
Poet,1
horrid,2
Extasie,1
lowest,1
prouide:,1
lofty,1
Station,1
Old;,1
Bodkin,1
Wisedomes,1
Purgation,1
Rule,1
Heere,6
Fixt,1
study,1
encombred,1
direct,4
Richer,1
feede,2
Sleepe,1
Weedes,1
poyson'd,2
raines,1
Secundus,1
please;,1
Friend,8
Without,4
wee,6
Sorrow,2
wed,2
tother,1
Begin,1
Heere's,2
sweete:,1
you'l,5
penetrable,1
burnes,2
changeling,1
wel,2
Beggard,1
circumuent,1
Prouinciall,1
Madnesse,7
Garlands,1
reuenge,3
dishes,1
great,19
crust,1
wrong,6
villaine,3
befitted,1
Romage,1
shirt,1
wrinkled;,1
wanton,2
Angle,1
proceeded,1
whet,1
rage,1
sides,1
stockings,1
heads,1
Day,2
Weaknesse,2
looke,18
fed,1
Grace,5
Bookes,1
whit,1
constantly,1
Villaine,6
Arm'd,3
lookt,2
threaten,1
whiles,1
few,3
Faulconers,1
fey,1
Ieering,1
leane,1
perceiue,1
otherwise,3
fro[m],2
murthered,1
borne,5
Daughter,7
Foode,1
presence;,1
pleasing,1
Flagons,1
Faults,1
effects,2
head:,1
did;,1
head;,1
indifferent,3
effect,6
hung,1
keep,1
Fall,1
bak'd,1
matter;,1
windes,2
darkest,1
who,16
matter:,2
processe,1
Southerly,1
Controuersie,1
wondrous,2
Message,1
Incest,1
Milkie,1
why,12
faith,6
denies,1
Ominous,1
fares,2
doubtfull,2
'tane,1
Earth,9
drinke,12
alone,8
damned,5
along,3
Rewards,2
Antiquity,1
hermony,1
rocke,1
wil,4
diet,1
win,2
Monthes,1
breach,1
wit,1
Denmarke,18
Preparations,1
wisenesse,1
Milke,1
gall,1
From,7
Spirit,9
Tender,1
hang;,1
fac'd,1
smear'd,1
vnequall,1
Plague,2
Dominions,1
Denmarks,1
Statists,1
Iephta,3
matters,3
Denmark,1
Pole:,1
dispatcht;,1
visit,3
continuall,1
ayme,1
Strawes,1
Pole,1
scratcht,1
extent,1
rant,1
a-while,3
Pons,1
fie,3
greeting,1
Combate,1
bring,9
who;,1
Cries,1
fond,2
fit,12
pangs,1
hush,1
Consent,1
will:,2
will;,1
poysoning,1
honest,10
deiected,1
rank,1
speechlesse,1
Story,2
quicke:,1
doubts,1
grow,6
sure,7
Armes,7
death;,1
death:,1
Ha's,1
Mistris,3
doores,2
proceeding,1
Spade;,2
am,50
formes,1
an,48
dreaded,1
findes,2
former,2
Guts,1
Millions,1
as,142
mutine,1
yonder,1
at,69
nothings,1
Kinne,1
peace,4
Numbers:,1
Lordship,6
ouercome,1
brother,1
hurt,2
Gonzago,2
be,170
Honors,1
Popt,1
Oppressors,1
ayre,3
Possesse,1
becke,1
Exceedingly,1
Makes,2
Coarse,3
search,1
ayry,1
saw't,1
oddes,2
by,89
whom,4
nickname,1
Lye,1
Ocean,1
besmerch,1
Shipwright,2
quality:,1
tumbled,1
Fast,1
Did,10
Falne,1
befalne,1
sicke,3
charge,5
Life-rend'ring,1
readinesse,1
maruell,1
prowd,1
learning:,1
vpspring,1
food,1
Quest,1
Fare,4
forget:,1
preuent,2
forgery,1
Lucian,1
withdrew,1
Arme:,1
drabbing,1
breaths,1
abhominably,1
Father,41
freely,4
modestie,3
Place,1
gape,1
maruels,1
nothing:,2
sanctity,1
betoken,1
Clouds,1
haunt,1
Goblin,1
coniuring,1
Anckle,1
Hiperion,1
sterrill,1
do,74
woe,7
Stone,1
lowd;,1
furnish,1
potently,1
gau't,1
Ordenance,1
Orchard,2
accounted,1
rare,1
e'ene,2
Beauer,1
com'st,1
warning,1
Collected,1
Replies,1
Though,6
punisht,1
needs,6
which,39
image,1
signifie,2
for;,1
Scena,3
inexplicable,1
Stood,1
Scene,1
Fate,1
vnmanly,1
shriuing,1
profound,2
Laertes:,1
knife,1
neede,3
piece,1
laboured,1
Allies,1
burst,2
carry,3
foe,1
neither;,1
frame,2
touch'd,1
Closset:,1
doo't,5
Articles,1
for,164
cal'd,2
content,3
Crab,1
teare,3
perhaps,4
rate,1
Treacherie,2
skill,1
trouble,1
gaue,7
Iudicious,1
Vertues,1
contrary,1
contend,1
Valour,1
Garden,2
Mysterie;,1
Contagion,1
vncharge,1
thence,2
appeares,2
go,36
Honour,3
kept,4
encrease,1
rash,3
Ghosts,1
dally,1
Command,2
Fortunes,6
coagulate,1
ha,5
Clossets,1
gate,2
trespasse,1
Midnight,1
he,156
withdraw,2
encountred,1
sits;,1
feather,1
very,44
whipt,1
practice,2
veyled,1
Helpe,2
acte:,1
Farewell,7
placed,1
whips,1
Partizan,1
cheeke,1
ho,5
Brother:,1
limed,1
esteem'd,1
hits;,1
flourish,2
seruants:,1
Ouer,2
else,12
Abstracts,1
easily,1
Doe,7
if,64
releeued,1
burnt,1
Deuices,1
Exit,18
likely,2
talkes,1
weapons;,1
issue,2
in,343
Breuitie,1
Charme:,1
Reasons,1
is,288
it,338
place:,1
Sanitie,1
Arrowes,2
Mad,4
Gentrie,1
distraction,2
drinkes,2
steele,1
a-downe-a,1
courtesie,1
seuerall,1
crafty,1
Man,4
Captaine,1
Mar,31
peake,1
Was't,1
Passions,1
lawful,1
of:,1
Brothers,8
May,9
why;,1
bodies;,1
yeare:,1
o'rerule,1
Roofe,1
Carrion-,1
Where's,2
strings,1
seemes,5
dire,1
Drumme,2
sending,2
melodious,1
flushing,1
Morrow,1
busines,1
shelfe,1
Acted:,1
delight,2
Hecats,1
remembrance,3
sadly,1
beteene,1
dipt,1
knew,4
Violets,2
draw,9
off,19
obserue,1
equall,2
knee,1
vndertake,2
places,1
euer,11
disposition,4
turnes,2
Temple,1
slender,1
la,1
euen,14
vntimely,1
Horses,1
wide:,1
oft,10
drinke;,1
nipping,1
greeted,1
Brothell,1
distemper'd,1
Hamlet:,3
Infants,1
smot,1
while,12
Hamlet;,2
ly,1
lockes,1
second,10
Thornes,1
that,244
edge,3
picked,1
me,209
murther:,1
saluation,1
cheefe,2
yeares,2
Coward,1
Alas,9
months,1
Indentures,1
puft,1
dirt,1
Rosincrane,2
feeling,1
City,2
termes,3
my,435
Mee,1
Gyues,1
Who's,1
Christians,1
Clowd,1
license,1
eldest,1
Horat,1
o'th',2
perchance,5
noble,1
Mes,3
allow:,1
Mew,1
Clown,2
Shew,1
treads,1
draughts,1
no,91
perusall,1
Question:,1
Playing,2
Peece,1
passionate,2
tardie,1
dreames,3
Bonet,1
Crib,1
seal,1
Dutie,3
lonelinesse,1
hey-day,1
vnnaturall,4
Reads,1
head,20
Knaues,1
of,575
oh,5
interim's,1
Body,2
Reade,1
I'de,1
fight,2
on,110
follow;,1
Speeches,1
pretty,1
follow:,1
or,73
determine,1
Husbands,3
Germaine,1
robustious,1
Songs;,1
publike,1
burne,1
whilst,2
tyrannically,1
Opinions,1
Soules,4
Well:,1
painting,1
prenominate,1
Finger'd,1
kisses,3
Truant:,1
Christian,6
easier,1
reserue,1
answerest,1
Verse,1
sitting,1
selues:,1
quaintly,1
heere's,3
forg'd,1
drie,1
busie,1
aside;,1
Elsonower,2
determination,1
cressant,1
Rebellion,1
Assure,1
freeze,1
Prologue,4
tongues,2
Remember,4
Treacherous,2
Act:,2
sixeteene,1
amities,1
Eates,1
they,70
throughly,1
intreated,1
here's,1
seal'd,2
thee,55
nods,1
old,16
Bonds,1
diseases,1
them,61
allowance,2
suck't,1
then,72
Acte,1
ancient,1
t',3
on:,2
suck'd,1
plye,1
on;,3
gratis,1
Dawning,1
checking,1
praier,1
rac'd,1
limbes,2
Beere-barrell,1
storme,1
Horatio:,2
tongue;,1
thankes,2
seek,1
seen,2
accesse,1
combatted:,1
brauery,1
opprest,1
implorators,1
blew,1
compelled,1
Hamlets,7
houres,1
Frailty,1
soule,12
hees,1
insolence,1
so,133
Vice,1
pierce,1
Acts,1
apart,2
suspiration,1
maintains,1
Call,1
Kibe,1
waues,1
necessary,2
one,38
Contagious,1
started,1
Cudgell,1
Indeede,1
heed,1
closes,4
buriall;,1
single,2
Kingly,1
see:,2
by'th',1
ont,1
lodg'd,1
bloodily,1
scourge,1
Words,2
o're-throwne,1
acquaint,1
to,574
see;,2
Offence,3
kil'd,1
purpose;,2
leysure:,1
apale,1
madnesse:,1
superuize,1
Graue's,1
excellence,2
willing,2
Lightnesse,1
Came,1
yeelding,1
Inobled,1
embracing,1
water;,1
Cals,1
Mole,1
Another,1
hilts,1
smiling,3
ope,1
belike,1
reuengefull,1
suppresse,2
this,225
Discretion,2
thin,1
Cyclops,1
obscure,1
Offer,1
Synod,1
valiant,2
Selfe,1
quake,1
know,66
natiue,1
vp,32
praises,1
vs,58
changed,1
Physicke,1
drop,1
Lunacy,1
Monument:,1
Dungeons;,1
that's,9
cold,6
hop'd,1
pure,2
we,98
life,25
willingly,2
Beleeue,3
ioyntly,1
twelue,5
shapes,2
Duty,1
Vnder,2
lies,4
Vowes:,1
impious,1
Heauen,32
Cuckold,1
Ours,1
slight,1
ore,1
wide,3
Subscrib'd,1
Spoakes,1
teach,5
reading,2
exercise;,1
Cape,1
Vienna:,1
Husband,7
scuffling,1
Dust,1
Traile,1
Husbandry,1
Importing,2
proportions,1
lids,1
Vngartred,1
Deuotions,1
vnto,2
held,2
loosing,1
thereon;,1
none,8
inclin'd,1
contriue,2
ye,10
beyond,2
hell,2
practise,1
forthwith,1
liued,2
scant,1
Remembraunce,1
Nimph,1
long:,1
long;,1
presence,2
Dropping,1
Caps,1
passeth,1
swearing,2
Mouse-trap:,1
method,1
shadowes,1
wife,4
Compounded,1
contract,1
come,65
quarrell:,1
pluckes,1
props,1
Ship-wrights,1
Fiends,1
strooke,3
Shoo,1
haue't,1
Blush,1
perseuer,1
Groundlings:,1
Do's,1
exact,1
tooke,4
Murderer,2
praying,1
force,4
Sprung,1
Those,1
Cast,1
Globe:,1
crooke,1
scape,2
Mettels,1
vnshaped,1
slander,1
well-tooke,1
our,118
Protestation,1
out,44
staires,1
Prison,3
More,6
command'ment:,1
hems,1
byrlady,1
Mother,34
vnsanctified,1
drooping,1
get,5
Cauiarie,1
course,5
power,7
Phrase;,1
sollemne,1
Shewes,1
dare,3
According,1
consequence:,2
sensible,2
Cart,1
Phrase:,1
Masters,3
precious,2
Table,5
Gent,2
Iibes,1
liues,2
wilde,1
Valentines,1
stomacke,1
thou,90
puts,2
forcing,1
Marching:,1
yond,1
lugge,1
occurrents,1
yong,6
Canker,2
Pocket,1
ended,1
nony,2
heart;,2
heart:,4
Torrent,1
lowdly,1
shee's,1
murdering,1
own,2
Most,12
Naue,1
sound,6
Mount,1
World,2
translate,1
free-footed,1
presentment,1
lightest,1
Excellent,2
King,168
Womans,1
Horse,3
beares,1
kinde;,1
consider:,1
blow,2
Wittemberge,1
vnmastred,1
imediate,1
proue,3
proud,1
Character,2
like,68
creatures,2
proposer,1
heyre,1
Murther,5
affaire,2
Worke,1
branches,1
propertie,1
sent,14
Taske,1
Adam,1
ending,1
fretted,1
hent,1
purposes,2
Assume,1
ground,5
shee'l,2
send,4
Hatchment,1
Both,12
ioynt:,1
here,5
note,5
Bugges,1
Serpent,2
blunted,1
Resort,1
you:,15
you;,7
purpose,9
Seeming,1
Closset,1
hadst,1
Guild,20
inuites,1
Mockery,1
Haile,1
Reason,8
gis,1
Rest,1
Lobby,2
purport,1
Colours,1
Wisedome,1
station,1
abstinence,1
hearts,3
Deuice,1
Compasse:,1
Broakers,1
myraculous,1
nose,1
sodaine,5
cost,2
will,128
is't,12
Pulse,1
foile,1
ouer-peering,1
terme,2
follow,13
intent,2
wilt,8
o'this,1
hill:,1
Bloude;,1
Naturall,3
not:,4
her:,1
oath,1
assay,2
deserued,1
roasted,1
dignity,1
not;,1
sauory;,1
Sweets,1
intend,1
wild,2
Dukes,1
afternoone;,1
maker;,1
Play;,1
Play:,1
wee'l,7
deliuer'd,2
dismall,1
Forraigne,1
Think,1
liuing,2
Creature,1
England,20
Fortinbras:,1
spacious,1
Girdle,1
resemble,1
Epitaph,2
Therefore,6
sight;,1
your,233
Cowards,1
youth,11
without,9
kettle,1
Mountaines,1
begins,2
these,34
afflict,1
croaking,1
now;,2
Esile,1
dismall:,1
now:,2
command'ment,2
Thine,1
prison,1
Mercurie,1
fruitfull,1
audience,3
Eterne,1
thus,33
Audience,2
Stay:,1
Things,2
possest,1
Gauntlets,1
remoue,1
I'ue,2
fairely,1
day:,1
steep'd,1
day;,2
a-dreames,1
fertile;,1
riuet,1
wing,1
vnshaken,1
speak:,1
much,41
wine,1
speak;,1
ore-stop,1
humble,1
Visage,1
folly,1
carriage,1
speake,43
defence,1
concluded,1
masters,1
Ambition,4
are:,1
Lenton,1
Moods,1
Colleagued,1
Watch,8
impasted,1
Princes,1
Iester,1
lights,1
borrowed,1
Capitall,2
subiect,2
sets,1
vnderstanding,2
Shakespeare,1
borrower,1
tardy,1
crimefull,1
returnes,2
wipe,2
Holla,1
happinesse,1
suite,2
humbly,4
speaks,1
combined,1
grone,1
goe,15
faces,1
yours,3
singeth,1
Treasure,4
Northerly,1
Start,1
gon,1
folke,1
got,2
grosser,1
roares,1
Soldiours,1
wish,3
Thinke,1
conioyn'd,1
Sable,2
wise,1
Floud,1
deceiued,1
Flaxen,1
Brother,5
exceed,1
Pluck,1
Ladiship,1
murder,3
pat,1
Eyes,2
Dead,3
claime,1
outface,1
wholsome,5
honying,1
pay,3
especial,1
list,4
Augury;,1
envenom'd,1
strange,8
About,3
neglected,2
o're-sized,1
Seemes:,1
circumstance,3
Vision,1
State,9
Boxe;,1
cloath,1
Enquire,1
Monarchs,1
creature,1
Vow,2
vowes,2
Beare,1
Beard,4
young,9
Calue-skinnes,1
Creatures,1
Moreouer,1
Claudius,1
Conuoy,1
Vnderstanding,1
Vnsifted,1
asham'd,1
Obedience,2
Apparell,1
departed,1
wits,6
Mermaid-like,1
Garbe,1
Beast,4
with,212
eternall,2
gawdie:,1
yonger,1
Admit,1
personall,1
there,57
Pursued,1
o'that,1
padling,1
Infaith,1
Countrey,1
Suruiuer,1
liue,14
Prisoner,2
bleeding,1
Ifaith,2
Aunt,1
Nay,25
Quarelling,1
flashes,1
wrist,1
Elsonower:,1
thinkst,1
Conqueror:,1
Moone,3
ioynt-Labourer,1
Inhibition,1
write,1
Affliction,1
vnfold,3
Termagant:,1
Play's,1
proceed,1
plundge,1
Violence,1
Vse,1
name;,1
Crimes,1
Yeomans,1
Keepe,1
harshly,1
Iudgement,5
bestow'd,2
say'st,1
Cherube,1
Ere,4
neglect;,1
iournies,1
leuied,1
selfe;,2
selfe:,3
larger,1
both:,1
assumes,1
wait,2
Bawdy,1
hundred,2
rashly,1
Bakt-meats,1
kinde,10
1.Player,1
breeder,1
liberty;,1
streame:,1
selfe-,1
Meane,1
L[ord],1
scarse,1
carnall,1
instant,4
verie,8
throat;,1
receiu'd,3
nerue:,1
twixt,1
Killes,1
Reuels,1
Among,1
hitherto,2
soyle,1
violence,3
Inheritor,1
consequence,2
laid,2
Russet,1
bought,1
Reuisits,1
wayes,3
soliciting,1
imploy,1
Englands,1
garments,1
retaine,1
writ,4
giuers,1
death's,1
readie,2
curiously,1
mirth,2
marrie,1
Easterne,1
Somnet,1
New,1
Harlots,1
almost,6
chide,1
Liquor,2
wauing,1
manner,1
poyson,6
considered:,1
Damned,1
earthly,1
Moore,1
Counter,1
wake,2
remember:,2
expostulate,1
whether,1
wisely:,1
beleeue,13
arme,1
surge,1
iangled,1
Booke,2
pleasures,2
tempt,2
true-loue,1
Camelions,1
Nation,2
greeued,1
formall,1
bodykins,1
commings,1
cause,12
Blossomes,1
Trophee,1
leaperous,1
rapsidie,1
Organe,1
greeues,1
pursue,2
hurling,1
vulgar,1
twentieth,1
wouldest,2
Pitty,1
working,1
Whil'st,1
Through,1
masse,1
Flints,1
couched,1
High,2
followes,4
buttons,1
conuert,1
skyish,1
Dirge,1
wring,1
accord,1
greeue;,1
Amen,1
vigour,1
followed,2
Lust,2
burning,1
dexterity,1
English,1
obey,6
botch,1
lipps,1
Warlicke,1
Griefe,1
gidge,1
Mountaines;,1
quietly,1
push:,1
vnderstand,6
Scorne,1
Ditchers,1
marry,6
vnseale,1
sinne,1
Adue,4
Wanton,1
Eye,2
Fortinbras,12
Francisco,2
Passing,1
liberty,1
lesser,1
Slaues,1
Mornings,1
meeting,2
welcome,8
mutines,1
drift,4
hidious,1
Annuall,1
Illo,1
loues;,1
want,2
Foyle,1
strugling,1
mute,1
foure,4
ouer-happy:,1
Froward,1
thee;,2
Passion,5
thee:,1
winters,1
steale,1
difference,1
must,52
offend,1
Time:,1
actions,1
expectansie,1
Gulfe,1
Should,4
Whereas,1
Hill,1
gilded,1
was;,1
was:,1
Banke,1
receiue,7
Obsequies,1
straight:,1
Would,12
Buyes,1
prize,1
accident,2
found,5
excuse,1
indeede,2
Fingers,2
Halfe,1
whine;,1
Murtherer,1
againe,29
Gyant-like,1
buy;,1
escape,2
Minde,2
disclaiming,1
chast,2
Window,1
ha:,1
Compost,1
Crowne,6
corporall,1
beating,2
Religion,1
iudge,2
honourd,1
disclose,1
Doomesday,1
Tricks,1
thinke,41
faithfull,3
standing,1
eene,1
Realme,1
permanent;,1
Paconcies,1
capeable,2
indeed:,1
friendship,2
till,9
Pollax,1
Once,1
proclaimes,1
Countries,2
Noise,2
Anticke,1
mischance,2
had,37
Daysies,1
secure,2
digested,1
sighes,1
whoreson,1
disappointed,1
late,10
foule,12
disposition;,1
stoode,1
hap,1
Ladie,1
things,9
somthing:,1
Marcell,1
hat,2
passages,1
Tanner,1
beauteous,1
has,2
wast,1
Costly,1
vnuallued,1
Counsellor,1
Promontory;,1
Tongue:,1
Foyles,4
last,10
pastime,2
crimes,2
wary,2
waxes,2
power:,1
wash,1
Keepes,2
weight,1
secrets,1
Gertrude,11
Thought,2
Nor,14
Not,14
guilty,5
attent,1
Prodigall,2
Now,24
lash,1
Enter,82
vnripe,1
wart,1
waterflie,1
compleat,1
Queene:,3
prating,1
good:,3
Cannon,4
Ayre:,1
Gonzago:,1
Spundge,3
asking,1
shuffel'd,1
Was,6
Ones,1
thicker,1
Cloake,1
yesterday,1
thing;,1
weapon,2
Neuer,7
meete,4
Auspicious,1
sliuer,1
yea,1
Quality,1
stronger,4
ends,2
Sir;,2
Sir:,5
Striking,1
Ayre;,1
spill's,1
wonted,2
Gentlemen:,1
Sinners,1
disease,1
thinkes,5
yes,3
bated,1
Rebellious,2
Heroes,1
yet,27
quantitie,3
alijs,1
end;,1
meere,3
wager,6
bunghole,1
colour,3
lyest,1
dalliance,1
hangers,1
Danish,5
Deere,3
time,36
Cannot,1
indued,1
waxe,1
puh,1
shadow,3
fauourites,1
Contumely,1
happy,1
If't,2
sulleyes,1
hee,14
Repugnant,1
Tempest,1
them;,1
Hunts,1
them:,5
put,21
vpshot,1
prate,1
thine:,1
offence,5
her,89
Pery-wig-pated,1
feeles,1
Woo't,4
Priams,1
bulwarke,1
hew,1
way:,1
hey,1
thing-,1
Emphasis,1
seruants,1
visite,1
Tweakes,1
Dew:,1
Hall;,1
Idoll,1
Coniure,1
then;,1
belou'd,1
then:,2
vnknowing,1
merrie,2
starling,1
awhile,4
doublet,1
light,7
forestall,1
Wee,1
Country,2
Rosemary,1
eares,8
Libertie,1
o'recame,1
Conscience,4
Maiesties,2
Requiem,1
depriue,1
obseru'd,1
ponderous,1
Opinion,1
imployment,1
Robe,1
rashnesse,1
Article,1
staffe,1
offends,1
Ordinance,1
Seruice,2
Sith,1
Being,2
smart,1
reechie,1
cleft,1
repaire,2
shame:,1
Soldier,2
Sits,1
Commandment,1
Grating,1
Whilst,1
Witch,1
Almost,1
Iouerney-men,1
Touching,1
desire,5
suffers,2
anon:,1
touching,2
Fee,1
grow:,1
muddy,1
Maiesticall,2
barren,1
Bands,1
sword,6
Incenst,1
fauours:,1
hauocke,1
Quite,1
choice,1
dyed:,1
Carriages,4
Raine,1
small,1
hid,2
haply,1
Growes,1
Ophelia:,1
defeated,1
before,13
Ophelia;,1
visage,4
pour'd,1
bodilesse,1
appointment,1
Lads:,1
emulate,1
him,165
hoodman-blinde,1
trickes,2
Armie,1
hit,4
Sport,1
Implements,1
Renish,2
his,265
outHerod's,1
prick'd,1
approue,1
blesse,3
Goes,1
consider,1
Woman,1
Heauens,10
Who,23
vnbrac'd,1
expresse,3
imports,3
Heauen;,1
it's,3
Heauen:,3
iade,1
Why,47
vnknowne,1
Reuerend,1
twice,4
forfeite,1
Profession,1
distrust,2
gamboll,1
Gods,6
debt:,1
Weazell,2
mouing,1
Iudgement:,1
request,1
altitude,1
cheerefully,2
Conueyances,1
Wit,3
deserue,1
two-fold,1
hee'l,1
vgly,1
their,46
fulfill'd,1
sterne,1
Basket,2
steals,1
point,4
Diadem,2
beguile,2
Virgin,1
frighted,1
lender,1
wracke,1
sounds,1
Crocodile,1
prophanely,1
affayre,1
hee's,1
Faction,1
Fie,1
restore,1
solicited,1
Eternity,1
encounter,2
imperiall,1
Wed:,1
eare;,2
beleefe,1
neither,3
asunder,1
glad,4
Fight,1
mourn'd,1
account,1
faining,1
perillous,1
actiuely,1
monstrous,1
gauled,1
sometime,1
lacke:,1
been,3
soone,1
disperate,1
innocent,1
Processe,2
Murthers,1
bulke,1
adioyn'd:,1
Saluation,1
Buzze,1
Seeke,1
Throne,2
diligence,1
come;,3
Coronation,1
come:,2
Parchment,1
trip,1
barre,1
whiffe,1
Picture,1
conuey,1
yon,1
killes,2
strict,1
Grandsire,1
safely,2
you,452
soft,5
knowledge,1
on't:,2
importun'd,1
happen,1
Mightier,1
happes,1
warres,1
amble,1
hellish,1
Quilles,1
pickers,1
Dread,1
firme,1
Method,1
court,1
beene,12
winne,1
owne;,1
boystrous,1
dealt,1
Greetings,1
hoa,4
mee;,1
mee:,1
wisely,1
Fardles,1
extasie,3
calme,1
comes,20
shooes,1
hoo,1
Illusion:,1
hot,6
honourable,1
rouse,1
how,33
pardon't,1
Propose,1
fie:,1
Polon,38
kneeles,1
hearing,4
boades,1
maist,1
assaile,1
himselfe;,2
pardon'd,2
himselfe:,1
cheefely,1
doome,1
Courtier,3
march,1
whor'd,1
blast,2
Medicine,1
Prythee,1
answer,8
meet,3
serue,1
Won,1
releefe,1
vnworthy,2
griefe,1
Aduantage;,1
purse,1
escorted,1
dispatch,2
meanes;,1
Monday,1
Tennis;,1
truster,1
sometimes,5
Souldiers,1
Court:,1
promise,1
Boyes,1
hold,21
arriued,1
tale,1
Tush,1
Foole,2
shrunke,1
dreines,1
absurd,2
Saylor,1
reckoning,1
Humanity,1
Generall:,1
leanes,1
reply,1
Foe,1
Foh,1
Gold,1
For,76
count,4
Hand,1
Fox,1
take,22
laps't,1
thereof,1
immediate,1
blame,4
Foiles,1
knowne:,1
Nobler,1
reckon,1
bestil'd,1
carrying,1
murther,3
some,42
Well,10
deale,1
blanke,1
question;,1
Field,1
Coffin,1
tane,2
swallowed,1
passes,1
honour'd,2
Rood,1
sawes,1
offences,1
Sadnesse,1
conceited,1
Prepare,1
seekes,2
barr'd,1
Captaines,1
outward,3
courb,1
bloody,3
respects,1
blood:,1
Calumny,1
wafts,2
warre:,1
Sandal,1
rowsed,1
Carde,1
Seruant,1
vilde,5
ioyfully,1
seem'd,2
waight,1
offence:,1
home,5
pious,2
hole,1
borne:,1
tame,3
Threatning,1
Fra,1
Whereto,1
peculiar,2
stroakes,1
Good,22
rites,2
president,1
Doom'd,1
hum,1
Villanous,1
Vnbated,1
repulsed,1
reaches,1
Poleak:,2
therein,1
Speake,7
answers,1
fire:,1
hope,6
Aspect,1
Doubt,4
Strumpet-Fortune,1
melt,2
bene,3
marke,8
bend,3
Hast,1
action,2
answere,2
Feare,3
lock'd,1
payed,1
raues,1
aske,2
shooke,1
o're-doing,1
Gentlemen,11
assaies,1
poyson'd:,1
Hart,1
impression,1
knauish,2
Vanquisher,1
Clemencie:,1
inobled,2
acting,1
teares,5
Bloud,1
heauy,4
sings,3
Folded,1
shoone,1
painted,2
Heraldrie,1
Rose,3
hore,1
Feast,2
affraide,1
Haue,17
Niobe,1
Still,4
eight,1
Bastard:,1
Graue-maker:,1
Quick-siluer,1
occulted,1
Wherein,4
clutch:,1
knowest,1
turn'st,1
Souldiours,1
Saue,2
Slaue,2
together,7
Brothers:,1
Satyricall,1
Sence,1
trauaile,1
Peebles,1
remoue:,1
died:,1
Videlicet,1
within,14
sheets:,1
o're-swaies,1
could,26
strike,2
friend:,1
bent,3
Puppets,1
Fellowes:,1
health,5
Celestiall,2
heaues,1
Oppression,1
mens,2
heauen,7
Hath,8
Prison-House;,1
Rore,1
Imployment,1
desart,2
Authorities,1
Soales,1
choyse,1
assaid;,1
foresaid,1
mend,1
re-deliuer,1
'tweene,1
forged,1
Enemies,1
seate,1
instance,1
Chorus,1
conscience,3
remisse,1
blowne,2
Were,2
Labour,1
remoued,1
Hyperions,1
smile,2
coynage,1
HAMLET,1
fine,9
find,2
host,1
backward,1
impittious,1
Whereon,3
Diuided,1
Records,1
heate,3
Lest,1
drown'd,4
horridly,2
Whereof,1
Owle,1
accepts,1
sooner,2
ingag'd:,1
Fiers,1
Olympus,1
addresse,1
Actors,2
sort,2
fill,1
steps,1
friends,8
heart,18
Gentleman,9
rellish,2
Amazement,1
contagion,1
forget,3
talk'd,1
Too't,2
t'haue,1
downe,24
tast,1
true,14
Iaw-bone,1
sore,3
feete,1
Breathing,1
present,3
Flaggon,1
glow,1
petty,1
since,9
Murther:,1
vnlesse,2
strife,1
appeare,3
ought;,1
dangerous,6
best,10
Seeme,1
conueyance,1
troubles,2
invulnerable,1
Confederate,1
Fines,2
Fye,2
priuy,1
buriall,2
how:,1
Sister,7
Graue,6
Deluer,1
heard,13
eyes:,1
heare,28
Gonzago's,1
falling,2
Porpentine:,1
dead:,2
stealers,1
Pyrate,1
Pipe,3
Grop'd,1
compound,1
out-breake,1
Infects,1
wife:,2
heauie,2
o're,12
Horsebacke;,1
royally:,1
Pray,8
Voice,1
coming,1
shockes,1
Origin,1
Attends,1
Each,3
harping,1
speciall,3
Blood,1
quoted,1
Month,1
extreamity,1
Town-Cryer,1
feares,1
vtter,1
ignorant,2
fire,8
Stage,3
purer,1
reason;,1
runnes,1
giues,4
Arrests,1
Remorselesse,1
solidity,1
Osricke,5
distinguish,1
buy'ye:,1
prais'd,1
something,9
vpon,37
Winner,1
Begger,3
rude,2
except,1
growes,3
Calmely,1
Dowrie,1
showes,1
imbark't;,1
calumnious,1
One,6
Daysie,1
fret,1
season'd,1
inlarg'd,1
sere:,1
greene:,1
1599],1
baser,2
Hecuba,4
Cou'nant,1
vnrighteous,1
thrift,2
command:,2
falshood,1
free,9
adiew,1
iaw,1
ought,8
giuen,9
particular:,1
Pesant,2
Carters,1
honour,1
weary,2
Barbars,1
shrill-sounding,1
i'thSunne:,1
Barbary,2
feare;,1
people,1
feare:,1
Addicted,1
see'st,1
Norwey:,1
giued,1
Truely,1
face,9
tryall,2
vnsatisfied,1
After,3
vnpolluted,1
Propheticke,1
Wormwood,2
y'are,1
weare,4
sicklied,1
pittious,1
Theame,2
reputation,1
visitation,1
answere:,1
Whose,8
mainly,1
Desires,1
Full,1
alone:,1
beseech,7
Landlesse,1
ostentation,1
thereunto,1
falsely,1
Ducates,1
life;,2
life:,2
seiz'd,1
lament;,1
Highnesse,1
Packet,1
Clay,2
Enterprize,2
impatient,1
gone:,1
keepes,4
admirable,1
pester,1
Courtiers,2
Choppine,1
please,10
returneth,1
collection,1
Whore,1
thrice,4
finding,1
fits,2
horson,1
vneffectuall,1
intreat,2
dogge,1
Delight,1
Pigeon-Liuer'd,1
Cannoneer,1
Does,1
Portall,1
goes;,1
vpon't,1
fiue,1
spilt,1
Natiue,3
turn'd,4
Innouation,1
sixteene,1
Bias,1
father,4
enuiously,1
Argall,2
Alacke,3
fixt,2
retyrement,1
compell'd,1
wants,2
wonder,3
thinke't,1
Torches,1
frowningly,1
answered,1
Desire,1
indifferently,1
extrauagant,1
glares,1
shamefull,1
Charge,1
muddy-metled,1
ratified,1
commend,4
deiect,1
forgot:,1
alone;,1
indeed,17
keepe:,1
Osr,18
acquittance,1
Brutus,1
amaz'd,1
Anon,4
Cousen,1
Table-booke,1
Claudio,1
Loues,2
Manet,3
youth:,1
wisest,3
preparation,1
fain,1
Away,4
Iulius,1
charitable,2
Lists,1
sulphurous,1
safety,3
vnproportion'd,1
tricke,2
vnsinnowed,1
Yorick,1
fauours,1
Sirs;,1
purpos'd,1
olde,1
despight,1
imagination,2
hammers,1
Our,12
I'm,3
Out,6
Letter,3
Gen,1
grownd,2
Incontinencie;,1
growne,4
Get,4
greenly,1
gall'd,1
Louer,1
moneth,1
Dole,1
Loue:,1
instrumentall,1
inmost,1
Sense,2
selleredge,1
fall,6
blaze,1
causes,1
Porches,1
Aboord,1
hopes,1
Braine,4
Brazon,1
Holds,1
finger,2
Stythe,1
Com'st,1
Obiect,1
multitude,1
Trappings,1
pursie,1
Fashion,2
welcome;,1
welcome:,2
choyce,3
suppliance,1
Fellowes,4
Pale,2
Stand,3
neyther:,1
Luxury,1
liquid,1
forgone,1
Stand:,1
spake,1
wings,2
heartily:,1
on't,6
cannot,26
casuall,1
forgot,4
stops:,1
runs,1
first,15
speake;,2
first;,1
pronouncing,1
deare,9
Battlements,1
perfect,1
Countenance,1
Night,8
speake:,3
Gho,9
chamber,1
once;,2
once:,1
Strumpet,1
nephew,1
secrecie,1
from,80
depart,1
spred,2
Martiall,1
beautified,1
forbeare,1
dagger,1
tether,1
ill,5
Marble,1
fals,2
vnnaneld,1
profoundest,1
Mazard,1
Repentance,1
toyles,1
Philosophie,1
necessitie,1
Bisson,1
fame,1
Garbage,1
doore,4
Cheeke,1
Discomfort,1
death,33
Palme,1
according,1
shrewdly:,1
bestow,3
griefes,1
lesse,7
windy,1
attendant,2
trace,1
making;,1
ha's,13
ha't,1
Incestuous,1
Purchases,1
Mercy,1
guts,1
maine,3
accident:,1
fortune,1
relieu'd,1
winde,9
Zone,1
vppon,1
Theeues,1
Inuentors,1
Enemie,1
performance,1
Lungs,1
round,6
repent:,1
Tell,4
naturall,2
heauen-kissing,1
much;,1
sinnes,2
Corruption;,1
horses,1
greefes,1
fare,2
Pinch,1
hugger,1
Entreatie,1
erruption,1
person:,1
charge;,1
Sweare,7
iot,2
Forme,4
probation,1
ioy,5
Cabin,1
vnfledg'd,1
poor,1
saile,1
Might,2
Belike,1
reconcilement,1
sorts,1
ran,1
breefe,3
Goose-quils,1
euer-preserued,1
glimpses,1
Violet,1
excellent,9
raw,1
Compulsatiue,1
passe,5
Vengeance,2
shaking,1
guifts,1
Malicho,1
persons,2
Part,1
Let's,3
Author,2
endure,1
Maiesty:,1
shortly,4
Frend:,1
fate,1
wherefore,2
throat,1
Poniards,1
hasten,1
nill,1
Longer,1
sense:,1
helpe;,1
weeke,1
curles,1
is;,2
is:,2
purg'd,1
nightly,2
French,5
Mine,3
prosperously,1
Doue,2
Goe,2
God,25
close,3
practises,1
such;,1
Honor,6
ouer-done,2
Warlike,1
Pate,2
setled,1
Dost,4
it:,7
vnkinde,1
it;,6
turbulent,1
fast,3
precedent,1
grones;,1
Doth,4
nine,2
better'd,1
couple,1
Assis,1
offended,3
Bilboes,1
Mother:,3
ist,2
red,2
rest:,1
weedy,1
act,2
post,1
helpes,1
Test,1
negligence,1
blush,1
prouidence,1
weeds,1
iudgement,3
morrow,4
massie,1
gifts,2
swift,2
weares,1
knowes,3
Springes,1
weede,1
holdst,1
imperfections,1
Ambassadors,3
consent,2
commendable,1
vs'd,1
respect,1
Neighbour'd,1
hastie,1
rages,1
shell,1
selues,11
distemper,3
There's,13
diuide,1
therefore,8
1.Play,3
interre,1
exchange,1
vanisht,1
Philosophy,1
Rough-hew,1
ist;,1
'twas,5
Vndertakings,1
coap'd,1
Euerlasting,1
hauing,1
Bird,1
choose,4
Mothers,6
Satyre:,1
Forth,1
sorry,2
mixture,1
strikes,1
scope,2
louingly;,1
incapable,1
vnimproued,1
feare-surprized,1
himselfe,16
embrace,2
neyther,1
Recorder,2
Baby,2
assistant;,1
pocky,1
White,1
shent,1
truth,4
Sleeping,1
Armes:,1
Imagination,2
Quiddits,1
Poore,1
ore-hanging,1
Quicknesse,1
Babe,1
age,2
Cases,1
Gates,1
defect;,1
By'th',1
shoulders,1
ago,1
deliuer,2
Ambassador,1
hardy,1
wish'd,1
yesternight,1
Shooes,1
faire;,1
faults,2
years,1
Slings,1
gestures,1
yeare,4
Coronet,1
secricie,1
bewept,1
lookes,4
punish,1
Nephewes,2
property,3
strangely,2
choller,1
decline,1
debatement,1
Libertine,1
Songs,1
vnwatch'd,1
Minister,1
Bace,1
aslant,1
Recorders:,1
haire,2
odde,2
strick'd,1
Ambitious,3
Liege,3
ouer,2
nothing,21
Ducate,1
filiall,1
proofe:,1
weepe,4
indite,1
vnkennell,1
happily,1
working:,1
Blessing,1
mighty,1
Tribute:,1
Nettles,1
blessing,4
Asse-,1
fathers,1
other,15
still:,2
Blasted,1
Camell,2
eielids,1
outliues,1
'twer,1
Contraction,1
hyes,1
crew,2
Inky,1
swaggering,1
Actus,2
Platforme,1
Formes,2
hard;,1
'gainst,4
knowne,6
speak,3
vndiscouered,1
sacred,1
tender,2
infected,1
opinions;,1
rests,2
affear'd,1
Indeed,9
satisfaction,1
redeliuer,1
sinewes,1
behoues,1
Wedding,1
Antike,1
thankes:,1
shal,4
thankes;,1
meditation,1
sickly,1
Pit,3
ake,1
braine,1
shee,1
conuerted,1
Throwne,1
Benefit,1
Prophesie,1
comutuall,1
body,12
Villaines,1
points,2
teares:,1
credent,1
mistooke,1
ennactors,1
pregnant,2
triuiall,1
all,91
cryed,1
read,3
Messe;,1
already,4
helpfull,1
Weigh,1
Guest,2
Faire,1
touch,6
Leige-men,1
reform'd,1
Looser,1
slips,1
Shrow'd,1
Leaps,1
Kites,1
mock,3
reignes,1
Villaine;,1
Villaine:,1
Visit,1
point;,1
Sauiours,1
disclos'd;,1
confesse,4
Forgiue,2
illume,1
and,605
rot,1
hourely,1
Barnardo,8
gain-giuing,1
Safety,1
saying,1
Beares,1
Appetite,1
abroad,1
guilt,3
tunes,1
Ophel,2
crie,1
Looke,13
blunt,1
Birth:,1
buffets,1
Spurnes,2
Receiues,1
Faith,5
Maid,6
Lawes,1
any,17
minute,1
Tertia,1
Temperance,1
shew,18
Whale,2
gaged,1
Religious,1
Magots,2
duls,1
rebels,1
Honestie,4
droppings,1
dull,5
tearmes,2
reason,3
darke,1
thought,11
Obligation,2
witnesse,1
Tribute,1
Challenger,1
ship,1
friending,1
Shark'd,1
acts,1
Feature,2
Nature;,4
naught,2
Follow,5
to'th,1
Napkin,1
Actor,3
Least,1
braines,2
obseruation,1
Sweet,3
Pioner,1
Knaue,1
gentle,4
waile,1
broke,2
deeds,1
apt,2
Leaue,3
containing,1
stuffe,2
Confound,1
Vlcerous,1
spirits,3
Make,9
strutted,1
Spring,2
Pol,49
boudge:,1
demand,2
Vnite,1
mount,1
importunity,1
Cups,1
deede,2
Becomes,1
proofe,5
Pox,1
Charity,1
acte,2
accuse,1
excrements,1
can:,1
dosen,1
Heres,1
Brow,1
cals,2
Rapier,3
adaies,1
acquire,1
mortall,4
cried,2
Succession,2
Newes,7
are,110
damnable,1
taken,1
Poland,1
came,7
grace,6
patience,5
where,31
takes,6
Stay,3
arme;,1
Lome,2
broken,1
freely;,1
reueng'd:,1
art,8
vice,2
reuerted,1
Bulke:,1
Had,7
stalke,1
leysure,1
Sonne,17
fitted,1
Pretty,1
call,22
Iigge,1
Ham,337
Fishmonger:,1
slaughters,1
dupt,1
rub,2
through,6
Daggers,2
longed,1
thou-,1
iealousie,1
blowes,2
mincing,1
Parragon,1
encorps't,1
Danish;,1
strength,1
Lewdnesse,1
cracke,1
run,1
enact,2
Neptunes,1
Lines:,1
debate,1
mother,3
behold:,1
either,4
protests,1
view,2
incens'd,1
Requit,1
shewes,6
ours,1
all:,3
all;,1
out:,2
Carue,1
Ophe,56
Noblest,1
dust,4
those,19
flaming,2
courses,1
Seneca,1
Into,4
foolery;,1
Messengers,1
Quintessence,1
Bring,3
Turfe,1
oddes:,1
flattering,1
bare-foot,1
lifted,1
guiltlesse,1
leaue;,1
bold,3
bounded,1
bleed,1
worse,2
longer,4
strange:,1
Yea,3
harrowes,1
Customary,1
Pickhaxe,1
detecting,1
Long,2
name,8
worst,1
restrain'd,1
post-hast,1
Bapt,1
Fell,2
Aeneas,1
Grapple,2
abus'd:,1
Conuert,1
Barn,10
Scripture,2
E'ene,3
Yes,2
Farme,1
Patricke,1
show,2
seuen,1
Tokens:,1
Natures,2
Yet,10
Mark,1
shot,4
malicious,2
Mars,2
Mart,1
Cliffe,1
Safely,1
leaues,3
heere,37
Would'st,1
defend,2
bonny,1
Pyrrhus,10
do't,2
do's,4
Burst,1
mantle,1
watchmen,1
hence,5
sequell,1
Rosincrance,11
mony,1
Vnion,1
Doctor:,1
indiscretion,1
spirit;,1
Puh,1
Wood,1
plaine,1
incestuous,3
substance,1
stoupe,1
varnish,1
beetles,1
Hee,4
Rosincrane;,1
mone,1
deed:,2
betweene,12
Put,1
awe,2
discourse,5
Cockle,1
mouth,5
Her,5
true:,6
Whats,1
true;,1
sowing,1
Colaterall,1
duty,7
stranger,1
Polake,1
Hey,1
Vnpegge,1
Cannons,1
Prayer,2
delicate,1
fancy,2
Word,2
cleaue,1
sticke,1
'tis,38
collected,1
vouchsafe,3
rent,1
Goodnight,4
cast,5
carriages,1
Calamity,1
broad,2
rend,1
truly,4
loosed,1
case,1
saide,2
flatter'd,1
cerments,1
Estate,1
Cosin,3
affections,1
hollow,1
Imaginations,1
He's,2
Messenger,4
aye,1
Lord,203
hyre,1
soule:,1
soule;,2
bearers,1
boughes,1
flesh,3
beckens,1
assault,1
Faiery,1
guard,1
harsh,2
exercise,2
Schollers:,1
saies,3
i'th',19
powerfully,1
adores,1
Artlesse,1
labour,1
abilitie,1
Affront,1
Bedrid,1
Primrose,1
Loue,19
burthen,1
vile,1
Matrons,1
madnesse,12
Lost,1
euents,1
Allegeance:,1
Hic,1
agreeing:,1
Stew'd,1
kild,1
bended,1
more,80
superfluous,1
recouery,1
heele,1
life's,1
kill,4
bore,4
defence;,1
soules,1
aduanc'd,1
His,19
Bawd,1
Hindges,1
ore-wrought,1
transforme,1
Associates,1
euery,8
Garland,1
mindes,1
deuill,1
moue,5
shut,1
bout,1
questionable,1
losse,1
bonds,1
adheres,1
simple,1
Hauing,1
habite,2
sides;,1
sides:,1
Burne,1
temperately,1
cruell,2
Beggers,2
mugger,1
crye,1
shewne,1
iealousie:,1
Wooes,1
Spectators,1
corrupted,1
kindles,1
caution:,1
shatter,1
Herod,1
Lookes,1
Rankly,1
Inuestments,1
both,21
Galls,1
important,1
most,65
lost:,1
T'haue,1
phrase,3
thicke,2
bones,4
Pagan,1
affection,2
euer;,1
vnwilling,1
showres,1
eaten,1
daughter,7
courteous,1
Mighty,1
Shepheards,1
boy;,1
impon'd,2
loose:,1
reueale,1
insert,1
forbid,2
Shall,3
Ambition:,1
shake;,1
Tragedians,1
speech:,1
Bakers,1
Behinde,2
patient,3
consummation,1
offer'd,1
Absent,1
profit,2
Moity,1
Turke,1
withall,4
Claimes,1
maimed,1
Baptista:,1
clout,1
rest,12
i'th,1
comply,1
Maiestie,7
Shame,1
arrant,2
dutie,2
saw,12
say,43
enough,6
pestilence,1
gets,1
illes,1
Gumme:,1
said;,1
voyce,8
sea-gowne,1
Flats,1
Guildenstern,1
front,1
flights,1
return'd,4
You,48
certaine,4
teeth;,1
Relatiue,1
Dyes,3
reaks,1
bad,7
Stop,1
Centinels,1
encompassement,1
Truncheons,1
Guildenstern:,1
awake,1
Occasions,2
kist,1
crowing,1
offer,2
Depriu'd,1
suffer,3
infaith,1
Orizons,1
easinesse,2
importunate,1
loath,1
shrowding-Sheete:,1
Hoa,1
enuious,1
Policie,1
drowned,1
selfe,60
know'st,2
Marcellus,10
afterwards,1
Royall,2
pursuest,1
equiuocation,1
Hor,95
Sound,1
vsurp'st,1
intill,1
Sunne,3
angry,1
nony:,1
Leuies,2
drownes,1
Sepulcher,1
How,55
Honesty,1
Ambass,1
Diuell,1
Assignes,1
delay,1
prouoke,1
Herbe-Grace,1
wittingly,2
onely,5
Chamber,3
strong,4
abuse,1
Laertes,34
sanctified,1
vantage,2
Graces,1
strewments,1
supposall,1
dead,25
eyes,17
Dane:,2
coldly,2
see,37
inward,2
Roses,1
vs'd:,1
laine,1
be:,3
be;,2
coozenage;,1
Guildensterne,17
Players,19
whatsoeuer,1
set,20
incorrect,1
priuate,1
words,17
Stopes,1
Couch,2
kill'd,4
Drinke,1
operant,1
strook,1
admiration,3
Planets,1
argall,1
Soule,18
somewhat,1
Israel,1
earnest,1
purging,2
leaping,1
lying:,1
bed,9
glean'd,1
Fetters,1
bee,15
beauty,2
beg,1
Custome,4
beckons,1
Index,1
Death-bed,1
meanes,17
humorous,1
roome,2
Honour'd,1
Coniuration,1
practice;,1
Knight,1
Enemy,2
Tributary,1
North,1
Thrift,2
vertue,2
dallying,1
Hypocrite,1
faded,1
Wittenberg,3
cleare,1
shall:,1
aboord,1
helpe,9
wholsom,1
word;,1
she,35
cloathes,1
vngalled,1
Gambals,1
parts,1
Graue-maker,1
stowed,1
party,1
duties,1
little,12
Alexander,5
moued,1
vtterance,1
Traitorous,1
Flowers,1
pendant,1
Lady:,1
deed,6
Canoniz'd,1
Collection;,1
boule,1
thought-sicke,1
Rich,1
ore-crowes,1
sir,15
driue,2
sit,7
recklesse,1
six,1
breathing,1
dayes,6
Simples,1
bound,5
distresse,1
tatters,1
false,6
wearing,1
vnder,3
stroke,1
Carbuncles,1
Iohn,1
breed,2
Poysoner,2
tugging,1
Tragedie,3
eleuen,1
wildely,2
divulging,1
bid,5
fresh,1
moue:,1
astonish,1
posset,1
part:,1
amazement,1
select,1
conuenience,1
counsell,3
Occasion,1
bin,7
Which,21
repose,1
Sleepes,1
Image,3
Slanders,1
Nobility,1
offendendo,1
slaughter,1
thanks,1
Offences,1
worne,1
Sancturize;,1
corner,1
blacke,6
there's,3
within's,1
Scul,1
in's,5
neerer,3
in't,7
satisfied,1
Pleasant,1
taints,1
foolish,3
drink,1
Girle,1
vndoe,1
Theater,1
Father;,2
Contents,1
Father:,3
likeliehood,1
reare,1
moues,1
Steele:,1
compulsiue,1
Fantasie,2
Flowers:,1
Robin,1
begin,5
beautied,1
breeding,2
crack'd,1
Frame,2
falne,1
brought,5
Besides,1
Liues,1
Prayers,1
Empire,1
Guards,1
thinking,3
aduancement,1
digge,2
encounter:,1
world,22
Commencement,1
Repast,1
inquiry,1
warrant:,1
deckt,1
peepe,2
so;,3
Traueller,1
so:,9
pricke,1
thanke,7
side,2
bread,1
scanter,1
Together,3
Columbines:,1
bloud;,1
Stages,1
change,3
someuer,1
neere:,1
Stye,1
Kingdome,5
blasted,1
comfort,1
Vnkle:,1
Hoboyes,1
bellowed,1
Vnmixt,1
hide,4
report,5
Fathers,19
thunders,1
married,3
ill:,1
sigh,2
Church,1
cursed,4
lament,1
sicknesse,1
knees,2
cousend,1
modesties,1
snatches,1
glasse,2
there;,3
there:,3
anger,1
Nothing,4
turneth,1
Scornes,1
stands,3
Emperor,1
sift,1
skirts,1
high,1
split,1
Lights,3
gently;,1
Schollers,1
trulie:,1
dismantled,1
different,1
Something,3
Cell,1
subiect:,1
discretion,2
Vnkles,1
beget,1
Kettle,1
sipping,1
worke,6
enseamed,1
errors,1
Powres,1
Choller,1
Before,4
behind,1
temp'red,1
vncurrant,1
Bak'd,1
Pollonius,1
lou'd,4
Borne,1
bow,1
backe,5
boy,1
Scholler;,1
a-worke,1
Shadowes:,1
Prouerbe,1
speedier,1
innocculate,1
loses,1
play:,3
adue,1
highly,1
declines,1
Comment,1
saile;,1
chance,2
nature,6
Wormes,1
especiall,1
Voltumand,2
informe,1
iowles,1
Scale,2
fall;,1
Rosin,43
playd,1
Vnhouzzled,1
moult,1
Vniuersity,1
Rendeuous:,1
arm'd,1
begge,6
Did'st,1
earth,10
howling,1
essentially,1
vnbaited,1
screen'd,1
mould,1
Riuals,1
cunning,4
Purples,1
Friends,9
buried,5
what's,6
tarre,1
dwelling,1
Hillo,1
paint,1
stood,3
fighting,2
o're-hasty,1
Progresse,1
Extorted,1
Yoricks,1
Assistant,1
Combination,1
horrible,3
friend,3
paine,1
vnschool'd:,1
cleerely,1
him:,10
him;,3
lighted,1
deny,2
squeezing,1
closely,1
stopp,1
Herald,1
pleasure,2
mocke,1
Nunnery,4
Roughly,1
Lesson,1
Perpend,1
Betters,1
morning,3
honor'd,1
stopping,1
Moones,1
see's,1
intruding,1
expell,2
Such,6
none:,2
see't,1
Voyage;,1
apprehension,2
Saylors,2
Proiect,1
Flames,1
senselesse,2
Tables,1
Question,3
foul'd,1
Bear't,1
key,1
Artire,1
Golden,1
drunke,1
Ambassadours,1
Ventiges,1
noise:,1
laying,2
vsurpe,1
Conclusions,1
makes,14
Ice,2
tickled,1
transformation:,1
Nero,1
hill,1
dust;,2
stoppes,1
prolongs,1
Ioue,2
Ring,1
Ghost,21
stones,1
amis,1
Tinct,1
but,146
Fixion,1
away:,4
dislike,1
buy,3
clap't,1
op'd,1
exprest,1
vnprofitable,1
confine,1
night;,2
Vulcans,1
night:,2
Table:,1
instantly,1
lookes:,1
lookes;,1
wishes,1
paire,2
prophane,1
passion,6
Dreame,1
Clamour,1
one:,2
Rheume:,1
Paradox,1
Damon,1
dreadfully,1
rauell,1
feates,1
stole,3
vsuall,1
filme,1
foreknowing,1
nutshell,1
Coarses,1
ranck,1
discord,1
especially,1
dismay,1
once,15
expend,1
sing,5
Attendant,2
higher,1
Dugge,1
by:,1
doing,1
Action,8
Hoby-horsse,1
Cursing,1
Liberty,2
What,90
validitie:,1
scarft,1
kin,1
Schoole,1
strucken,1
wassels,1
Canopy,1
Peace,3
his;,1
'twixt,1
figure,4
truepenny,1
Moone:,1
conuocation,1
weaker,1
stone,1
re-word:,1
Exits,1
Answer,1
Skill,2
packing:,1
nights,3
Diuel,2
ones,2
windlesses,1
passing,2
prepar'd,1
Pictures,1
streets,1
reach,1
potent,2
Opposition,1
forc'd,2
Iest;,1
laide,2
sighe,1
Abuses,1
easie,1
'em,2
Hangers,2
heauenly,3
Ophelia,26
Fauour,1
Cocke,5
kissing,1
leuell,1
sight,7
wrath,1
Recoueries:,1
teeth,1
thirtie,2
bountie,1
Target:,1
sirs,2
monsters,1
vnreclaim'd,1
peece,5
Pardon,1
inclining,1
Modell,1
Giue,20
wildenesse:,1
Next,1
hit;,1
if't,1
body;,2
vnmaske,1
Companions,1
range,1
Masterly,1
Rage,2
bosome,3
crosse,1
wonder-wounded,1
seeing,3
flaw,1
soil'd,1
Niggard,1
flat,3
'twill,3
indeauour,1
place,4
sayes,5
backe:,1
grasse-greene,1
sits,2
Whips,1
tremble,2
heere:,2
'Twere,4
rugged,2
was't,2
generall,5
quicke,5
lead,3
hits,2
Play,19
withall;,1
When,24
cease,2
trebble,1
scarce,1
vnmatch'd,1
argument,1
parle,1
Clambring,1
Ile,58
passage,2
dayly,1
siz'd,1
iumpe,1
scann'd,1
begun,4
declension,1
envenom,1
withall:,1
dozen,2
Candied,1
well:,6
fancie;,1
canst,2
well;,2
knauery:,1
knocking,1
Lands,4
should,50
only,1
Asking,1
sage,1
coole,1
plaid,2
Teares,2
wither'd,1
Noble,15
goes,11
Letters,7
tediousnesse,1
Honie,1
lack'd,1
tax,1
towards,2
vnpreuayling,1
regards,1
chances,1
person,2
safe,2
behaued,1
gracious;,1
asleepe:,1
instances,1
flatter:,1
Impotence,1
preaching,1
hedge,1
ranke,6
tune,2
Dido,1
can,31
responsiue,1
ready,1
marriage,1
who's,1
sparrow,1
Gall,1
playes,1
said,12
smooth,2
carried,1
else:,1
motion,2
idle,4
weakest,1
match,2
speedie,1
fault,4
While,1
distracted,4
lippes,1
accent,2
bites,1
clothes,1
brainish,1
Ioy,3
betimes,1
Peale,1
carries,1
sixe,3
Westward,1
abhorred,1
Welcome,5
Gibbe,1
reade,1
shreds,1
Lunacies,1
